IDПользователя;?id чека;Цена
000b131c44f45319a9be477e27c59afb;0685a922cba23e49348035b0a93fafc3;104.1
0027ee6ff0c6b9866907919a1418f746;3eb9e4f4c33d087f0c8721d0fcbe9408;1352.42
005960ba3df71a31e6719efd031225b4;05c89e6400e69b5787cd03d97f50aa9d;870.0
0061223512faaadaa560db986651e205;23ec47b851d293e916193c9dec2ac08c;5620.0
00b34e2f6ef934e076eeae97cf471b10;2bc521019aaef3d5b34f45f756278023;13490.0
01ef849d5d1d67935849cd1b9a8973b6;11db264ed28d456d01234ab85d67067a;999.0
01ef849d5d1d67935849cd1b9a8973b6;3f2fe81786bda694783f97772112e543;159.0
02354d3f69ef23a64d6fc26c3d13959a;338e82f2e492dd75a317fc310fc075a2;745.0
0273d5a4a7ec451bd7ef84c693e142f2;13cc100be540bb4ad67c1da515ed9c90;95.29
02ce7ec16fce90216c92416e576b04e5;02dc341b210a95d38be59152cc67663d;952.0
02fa80501d177daf7c73c2578359d8f3;21898b2be0376508bd42c162a09c6384;1129.99
031915eb0b337c10d61317c26529d6e0;1ea3d6c39d785f56fba657d0d0f42796;179.0
03516a7caf02dd82baaefce20e9e1a45;1e070f86d339a20236170e5d9fd5e017;165.19
03a3ac1c21ed2a2828df22e90e5586a1;2e3fa6dec3b2b7d1be0422922df8f13e;31.0
040ecbcde9f4654042b72c5bbb254835;19f0c3b615044bfbea229f4f008ea984;999.0
043d932b0b717e56928eba42c3a70476;0bd3f9a0a88b3c18bee97d6cdf66fe25;54.9
043d932b0b717e56928eba42c3a70476;48cc671cf656852be917a7ed5d43c5ec;134.9
0469f6a0519406aa665404c1809c39f1;07be3b9e96ad3c4cbcb7bb32d3535f22;1299.0
0469f6a0519406aa665404c1809c39f1;14c2f967ff516250a7a7b8dedc3dc9a7;129.9
0469f6a0519406aa665404c1809c39f1;14c2f967ff516250a7a7b8dedc3dc9a7;149.0
0470ba29689c63888f580e643b7b8f04;38797f125a44f39a8c95efc9476cc565;1290.0
04cba6cb75c2469a7ec40fb0a6483cac;0053c8f7397dd02b6f6d0026913cab1e;2189.0
05232e040972d309b4b4a1fb4b00b0c2;247f3a125e015b60d9f035ab99d858a4;796.86
0586a7c427d27a6591d65c251de5f0f2;1d5c7329155bf10c4ccc84ce1be91b2f;1.0
0628534c4fe85cd7c30444456d480a8d;45ce0bf815a8d7b5346ab6c5858a702f;38.49
06574d290bcc353879d0ff8736682e0d;20a56a249e9c3db989c6d8bea147ef5b;33.69
06b2b3a2e704ba2995aa301348cb37e5;38f08b8248dc60570d75f3ce7a096831;1457.0
076eb70d00b46aa8325d8ad48d9a0045;0dc81823443545503ee5081dfd90485d;121.0
07773aa96a297149be6f3aa3ee41d741;041ccb3c029ce3a6f4e539496dc6e9cc;110.0
081b3659ef9642a2985ed85420479a9b;111a0ac322563c70a879bb2044b73481;699.0
08978833ce98d2130fbce46c1f82d2f2;498a2f0d693fbe7fb8bf9d990fa437d7;79.0
08aaca8a90bcc9e21c5a1657d267d8d6;3f0f3d44053cccb16dde57b1c8ca81cd;140.99
08e5f4ccbfe8e0fa6475fb196ffe12e0;3a5c015e550d5cc0d8d1e3be5f969d3c;999.0
08f4b57b10b9048ae0ce5f5cbd77dc90;2a3a46feb9bac6024db84173f7e8d2ac;149.0
0a2fdc22b8ef7e12eba166526461a6d5;22c0551d7798c1feb80eb157f4130728;3061.0
0b7509ea175f640035b154216355f5fb;318418ceaa68e36440b937b7b004c767;38.99
0c13fb6639d428524e4f8570057b4180;2563f85ebab0fbe0116269901523a321;849.0
0c4eb5062d57c47f2ecbec9495a34b1f;01ca59f45f0a6ddec9a67bcd5b4b8131;295.89
0cb5f9223e89aeb36220a19447f53024;446ed3bac3f02d6781ce4d8becf6a8e9;137.99
0ce30bd8b9dec76b37f7db4c2535f3e3;1649678917e39ae02ab379c460c93558;89.1
0d3adc67b226b49e95e17c9384df166a;1be27b82586aec9d2aa247c32ccbcd4c;729.0
0d6fd7b6118bee4b8de933eccd06c0d8;4f5d11e2ddc0d28c046a7d0dc003dba1;1160.0
0d7b9162f21c97324ac8f500020d95f7;2fca81c24b15ba02715e0abb7f77826a;1043.0
0e56265de261f254a14893fcf05e194b;2d44882c3508e4fcc57d0721111f03ff;1266.0
0e56265de261f254a14893fcf05e194b;2d44882c3508e4fcc57d0721111f03ff;1266.0
0eb80064291a67c75d83f9dffe8b1487;1a00315decdde544d40f2b873b3605e3;47.1
0eb80064291a67c75d83f9dffe8b1487;2894466f7dfd2c7f216c770d1b158edd;149.0
0eb80064291a67c75d83f9dffe8b1487;2ad3a1f9809ec17abd6fd4cfa0114ef3;693.0
0eb80064291a67c75d83f9dffe8b1487;3eacc60bb5a78cbe87b81ce03f7f9f57;40.0
0f57dd2a94a45e05b4c1312b38a929c9;05b454f9f09c811987aa490592629afd;254.0
0fc9b39097bbcc7fd9dc90293001ee13;1c0d661efc882adeab3e761e4da5bed7;979.0
10a3d71badfa0937f43794148dfb3a56;380f8426d4214a925256f203a50a4f8f;1406.0
10decaa0e4d1c15a16fc8da045304dfd;2e91da3a9e4f0abb2c61e3582a420ac6;109.0
11482f10d1fdad02c851b415a2a07de2;0330b64ea7daba2131700b85a51f0c13;53.99
11931f90cfc5bedcccf35f116acd520e;4e64ed83df80e92c95e43807e61468a7;849.0
11a37cb8e4064146a9d787c98fe28727;02a443aa26202f0c9e3d99fd1ff99000;33.69
120a6590a019863b4a9ae82cd16dcbeb;1752623207b9e2f4b97633e4a9d7f16c;175.0
1243c980ef5d5e329696feb48266bf3e;06181bc990a04e2057de54173d97b528;2190.0
1281e041adc48ee75b94caa23d452868;1c67745142bb0808d49b674d3f928440;999.9
12a3e04573780bf8bb6eeb935cf80e8b;02ec06f9264a31dd22301a261fb603d3;1899.0
12cd433eb52af2fdc18c17b159aec06b;04c45b8536933bf192ba60752bbdf892;28.87
12d192dab52e6eedb17b27c47e879221;3894ff9dc1bd910203d563102849c3a8;2990.0
12d192dab52e6eedb17b27c47e879221;3894ff9dc1bd910203d563102849c3a8;3190.0
1320ef01ec771d0b598cee4866d970d8;4ab741b3b65d780004733b506c031c36;0.01
13231cc7421cfd391ba046b73790a34c;3560ebd9d7ae0066251423592f1f4c60;10700.0
13889358a6504d95a13a7fba8e8f9b8e;2955855631fe3e2454ad7e64375272c7;55.0
139ce3dd3c37b88026e88a42aa4c7758;46272761f7e70486a3c200530df841fa;33.0
139d1f515e195c44411579ced45f0061;12eb78c2d5cb6c830ac75b86e4f22bae;43.0
139f5c131626df1536a175b9decdc68d;34e3d171d5ee16cd760a272764ddb49b;693.0
13c6f8f6ceac43a1d5ca2c25fab7d192;48d7e95e3e644c171e3071a37895d27f;995.0
1405c195939ad8de5d655e31930b4af3;152cc4f4daf11b43b9a3a973ef2bbbb7;59.9
1458b04ada00045a676a9e65f3b24c69;4606c8aa463ed47022621b0c06ac7836;424.5
1458b04ada00045a676a9e65f3b24c69;4606c8aa463ed47022621b0c06ac7836;1592.0
14b875cd072afd615295f99a99a17643;0f3481f9e0b4a59108e20fa919c716bf;1199.0
14f31a112c029b5b3e3b562e1061d4b7;0e92224b0a53c11efdc32f7668c27058;149.0
154b9cdd1a2da8806553e4d088825d83;34c31a348959b95a9f47c25a7425ec16;129.0
154b9cdd1a2da8806553e4d088825d83;34c31a348959b95a9f47c25a7425ec16;94.9
157a67685bfe4169cfc735efa017464f;492d4497fac9d744b11c00d744a5054f;590.0
157e625a21dbccdc5c8cca1141f33f2e;2ff2597d8ac7701779d16cbaab70c0eb;1181.0
160d14570191b76c64367d2b69e3aa8b;4a7b17ecc00c2023ed7931ae24ee6266;47.49
1634021c404e672af0c0ad216b91aba4;112e01ac1e3bed319a73c3538b7c36c9;999.0
169bb60ebf997270e76be099e90d25ad;34eef1ea5d8b7f69f1042ed0388bdae9;2499.0
16a004e8e3ed8cb99833968018cbf606;08272f81373f0cc953c2c52c7716c06a;119.0
16acb2154e16ac3be304fc52b1ba263e;2422c1fc4655ad23e63ccf8c813f59f2;169.0
16baa912c3d9de3bfc8f714f2da63223;44aec35901be1b42806e23351918c919;849.0
1724729a07203e37fad72ba68a160abe;016864f8582829007d05376837202f5d;1043.0
17627593ba2b8da9cf168a122b55be16;49a365bda3c7181b2de287de1cbfc312;7990.0
17667b22945e0f82f928087ad001652b;41204de8fc0cb2f76c8a936bd31cfdec;9990.0
177097ca376e0b3c06545f1d6071936e;29fc8a5fac6b862efa8e2fa6483f01cb;143.0
18842ab3993d32b93f7af71cd762c1d6;168501e40bf395ffae8e0479a7b75f17;37.04
189e6261e0b740ae89a0b7fbb0aa699b;1a1e6e12f9993e1c939a75bc14a61f70;37.9
18aa027387aa7a420251db1203a6366d;36ad40d4b34a6cb5d1b316478ec4dccf;323.45
19828e33ddac4f2f9f562ed446860853;1a9cf4deed6611df307b35844d6e2dec;1766.0
19f7c4fe00d0f363daba1c6fa77c1475;209ac8e110ac994d2a930264cf8ea7ff;14700.0
1a2765eb4beb1039dac848cfc2029021;19a1e5611d2e979ef7eeeda90d75ff99;999.0
1b8b19f2df064fc22a900a210da7380f;21affa1a02ddb7a081ef3d922ab4beaf;43.9
1b8ef9dca145c445dca3987244e502f5;17cb6832ce061e70b32d6e261ddda482;1190.0
1b96a0ae3c08481ba082a477374c9866;30d9b648b92ed128494f90e991ee5463;666.0
1b96a0ae3c08481ba082a477374c9866;4aa9331cfd7bea6b1f6fe31a302bb455;817.0
1c6415c5145732b341d628c913f0f6cf;397810a54f63035a56c336a5cb5e51b1;1270.0
1c8617511a1b340e1c9caae91b28ac53;1db2e9303dc23cf1819bf47bfddd6080;94.9
1c8617511a1b340e1c9caae91b28ac53;356477d9ecf324d97f0efadfde4d89ae;849.0
1c8ea7c1ac377f7205209a42279dcbf2;0322197d46af451bd680b60fba514340;149.0
1d17759efbf1c9a01d7c04778dee8eb2;2c5266be330b00bd1d11d231fe1cbbc2;1399.0
1d7002997c96dc9decbf26d602cf19f0;0fe83ae659e17e2642849b19b3ea62c7;35.9
1d8fd64c80d9c5b16cfb7ff2dfd7aa78;014a824930f278d2d448fe5a6fbf54c4;1990.0
1db3a56dc0c497646af8ee880fc45dff;1dbb4effd8f316101106c89deda26b5b;995.0
1f070c378c644b143381f1032615cc5a;25e7e5e58be98bc7829a1d6c269fa7f9;610.0
1f2edf4df99f9b1a9666beb639b0f5a6;3939a12e92ed16d6c39529a852d6ccc1;108.99
1f526a5d705284bff64cf65b3fa9adb0;443f49b251785799430c9357ef18a678;9790.0
1f7fb5a2650562542e0d88f4cba0bf0c;3bb35cd0ec375e8c88614a2b6d6ab60e;79.9
1fbdc481dd79bad3ad2e0fb39d9534a4;0dba334b8667b06ea2f21206dd8053a6;34.99
1fdd767263d2ec1b3017e44eb2ceaca2;16bf9450ed8cf11cde5157f16327bfde;149.0
1fdd767263d2ec1b3017e44eb2ceaca2;20ce4dd05e760fa17510eaf334560c3e;249.0
1fdf29bcdf9182be305463a74a3b31c5;375ae462ebc697ce9f5bf1b6bcfa2ee8;999.0
1ffe50bfb083bcefbdb5d185a2d1b5d7;32385fab26fae42ac648c1813f3ff63f;2499.0
20711f09e1e682db42c2aa2dffced1e0;336ed9373ee6faad1cb286bfca238af1;833.0
208a91f334eaf27d7d61ee0affc9366a;22c431255fe94b15be804a047bb8de02;60.0
20cdc15fbf272c42d7d284ba45f3735d;4523fe9d99ff413b788f28bc6cd7a7a7;590.0
20ee9adccf2ae06c6bfa151c99308dc0;2e60b121f481f403d2a455ba3888bdd5;109.0
210480cd051d6e016980175c49bb5133;1bc4f69cd0a33d3aeec66e832fee50b3;995.0
21563b6d7c48f424187adbb3d4da75f5;03134ee0d9e5143b2036a8025157e388;37.9
21bf6372206fad8cce02c943a8fdfd40;472171a006656c58c352e8083d65b021;509.0
21bf6372206fad8cce02c943a8fdfd40;472171a006656c58c352e8083d65b021;414.0
21e13e1672fe5dde3e90c386311e4787;2618f27f94e4fe28e56020dd36ae365c;179.0
22040aa6dc71c424eeb151c290bdbf12;49b0fe7db8eae449ddf392b94756ed41;37.99
22237ed47e51c12ddca1c420205c821f;279b6b56645f16fab59c30eeb3356143;790.0
22638d43a3e659c53d35239301f1a7af;2ed4a628d214b4c1340a20061c4d7cde;169.0
22b24780936b0e0fc3210ea8223ab7d8;3afbeb7a0fe57767bb64e2711ec23330;55.0
22e510fbeefed5117e2f9e0039a99a44;38be382903c24019f06b74d55cfd1d1a;1390.0
22ebf923ca56c563599212ab7bb28e88;3ec2a98ec33d6a905cd18192d259407a;9990.0
2332d79ba6c2b1a724232623649511a9;1cae243b96463f56b5112489827b036f;1165.0
2332d79ba6c2b1a724232623649511a9;1cae243b96463f56b5112489827b036f;1165.0
2353336a2c90cec7e1c0c697816877fe;14234262e4456008ea3cb114be06b2bd;849.0
2359247b01fdcdab6fcb2e5519297110;08981074d1d13a70f1c1e924c9ccf1fc;119.2
2361cee39f8dc8b2eb584e21d342af17;2f3d8ac76a1d381ad6fa89e9f77dd8ba;1990.0
23a39da2d3377bf4c625be597a717868;4ae0874dddceb1730f13c09926950a76;39.9
23a39da2d3377bf4c625be597a717868;4ae0874dddceb1730f13c09926950a76;89.0
246748fd77e5c55232d62927ce346a7d;509e0db714e1febdf83ff99f8f9244b7;13990.0
24e08cd0a92d1d3258d630a5428a003b;43cb153760fe5ab1164d706ea40624cb;49.0
250ab128044f6802954d861b13ec239e;02f02b62ac14b94e85dba50d4c01c977;699.0
250ab128044f6802954d861b13ec239e;02f02b62ac14b94e85dba50d4c01c977;1299.0
254650e79e34f117f100e662dd9ca07c;0f6936c38a852de65d26dfbbf0b30580;152.99
2548a41969d2c1c89ab00ed1b9fbacd0;35c3f42f8de2124815b7d32c20641448;1060.0
254ca5f101bb38bc733ef8685b78c6b3;4d34bfa285d6b8ffb6a7b304cda9e328;1592.0
254efa3e50e6bc6db77f58e041493f18;0932eb1649dc634bd611719d3770007c;63.2
25534c755b4b642a4ab5bb12ad3a9e3f;2b196f3184f1eb7ad7289d45f7d3b12d;457.0
25c0b8fa7d55613542f639d9c39dc66a;34d8b50dee0f17a8056977735c088668;7990.0
25c39f5d2ff1222fdca347eccdedcde8;0bbfbc9aeec6c9126dadc32c7d31b3ea;1299.0
25eb7ca34e645ae6bbd259108932dfc3;2f87f01f20e8b2f8d46482d40685c865;149.0
261da3f1b6e309abcff58e4a6116eb6e;4fe8fcf82b511fa17951c5291bc1923a;990.0
269ff0a8edf5f22820f6c529529961d3;0d2946d965008ae7999d36edf074caac;79.9
2700d37b2228d466fed6448a3c85c5f5;13be6d0515f6c128f5c9a44ab2f7c808;0.0
2700d37b2228d466fed6448a3c85c5f5;13be6d0515f6c128f5c9a44ab2f7c808;9790.2
2705e1c117fd0c1ae358cb9e2608008d;157e997274c373efa5a33ccebb24adee;1990.0
2715eddff269091bd833294a3235cf13;11f7eed598eb9546872814c996b98df7;79.9
274c34cdfbe07695f5359686448dc117;21fec1c90404c89e9518be4ca8884c5a;135.0
274dfca074d49d2879db3303809be61f;05582166bfcaea9c89d5b860258b78d8;1490.0
2754ffef07087beab1bb69053805f7eb;1379fc4cb43af3e350b6e454daa89680;5655.0
27622484724eeb7112f56cb9b95712a9;141775fa43f34bd00415270cd6abc9bd;59.9
28110172cf266154f35a0879bba92b97;4ac6e791a5312d21f4c242a75d7e5bc6;157.7
2836d39acebdb11fd272ca9a72329450;023241e0096d083f29b72ece0b6c3ff9;59.9
28ed1c79e3b0cffdc84eb3e457dd943c;1bcfc1f99ddde55835a175769933ea36;149.9
2959ac6cf86f3c29960cc292bb2345c9;24417a714995cf84f9262f8b980d31f8;848.1
299f9d3440e44d27d390a2a950e178cf;19d80498febd9f4bc357cdc42217e68d;55.0
2a1a22f637f4954f6e06a1e6824bb89a;0e01161c10eb0597886854dcdd453a07;14700.0
2a26f7b5d17304da562adbe3324e7238;237b3a7c92b33b7f8e7bf2bcb0e69998;665.5
2a326e701c9263296cf25f7ff1b455a4;076eaa9505964e6b2d7e7d57f8845ed0;2499.0
2a4adfff04430e8bee0a5c815614ecbd;0a3c79600a6165910ccb4b57fb60e657;1855.0
2a61f778603d87db059b9ad762a5a963;4e84b6a4063700b12a145c25a0ce01f7;9990.0
2a826fe3767395da8e4c4d8463b4071e;3264d9c65c4592188f51a49b9cf613ef;59.9
2a826fe3767395da8e4c4d8463b4071e;3264d9c65c4592188f51a49b9cf613ef;59.9
2a9f398a15bc35584b7675dc59e935a5;113a70b4ee25de284e63adfd71e6b132;99.9
2adf9ebd1873453e3583cb36336a0a67;267b9452343b3252994c236dfec577d7;749.25
2aef091ed58bc8b390a8630c1ac61bbe;2e67a90f7423e198b65752d6e1a2e9a6;47.25
2b084393ad83ab82739efa17757c44f8;09d756cfe68f37eb60ab26d2c1e1d47a;35.99
2b4044ea78518879b9c556f40f75263f;04581419c8540c2263f1c533eafdacfb;1190.0
2b50635165eb8595a54bbdc3aa3e4ad1;0081dafb79f4cf579715fc8fe4103a25;999.0
2b50635165eb8595a54bbdc3aa3e4ad1;15319858c78ba1a342bf39dabd342a6e;999.0
2b50635165eb8595a54bbdc3aa3e4ad1;2943509cfdb16bec219c05661b4210d0;999.0
2b50635165eb8595a54bbdc3aa3e4ad1;499413dbd33233ad3a5883615b8c3e51;43.0
2b5b2b259ef98c1e0649689477cd730f;0dafdd1778b80133a5e6c7a0146a3290;999.0
2b5b2b259ef98c1e0649689477cd730f;1e8a0587ff6a713ec99ca1e10370899f;1299.0
2bcf3b76fb3dcbea7c4fb648c75897b3;0d25519a0e06658fbdc247bf73d7fc77;149.0
2bd6c988726a5816e0bad817e3b0fca3;117cbd2cbbce2ba0b5e83b13420e4161;990.0
2c4428f59738e559a70929e1a969b862;259eccbb2e950fd8ac939e851f5877e8;13990.0
2c48b25626559862bd7d6e08223b4a84;06e26e505db90750af29c1769451bba8;2238.0
2d2bead8be08339fa6c46a39b08fe8ce;2d6c3f6354903f1f9c7208222bc57714;109.0
2d64dc9378722af2281c4a4f374db2d3;2ef19400d5319d540824a80cddf8afc0;1499.0
2d990ca7b474d478892c086495f39536;42c77acb2febc0e25e2ef43155da598b;399.0
2ed814a945ea2317356c2603c848e02b;30f03f5763194d1c85a1318f9bfaac16;9990.0
2eec14613e3382001e8b05d4ed856bb3;14e6c12bc3669cd0f94b3d905f417c77;999.0
2eec14613e3382001e8b05d4ed856bb3;1f923329380fb9414952b58f6a7bf187;169.0
2f2d32feec44fa7beaf0455d71ccde57;0c9485d01b9633fef15e1b1613ff3ad2;1990.0
2f5365111deb370dabb0b86d4d306488;33502989e33755c6cc87a007e27ca8e0;35.54
2f5365111deb370dabb0b86d4d306488;3fc6bec5e974030ca023781e01467309;47.3
2f83e0b2776e61a7de08ebdcefe37bd3;281290f1f21aa0d460c0d38da02f932c;44.69
2f9fc03f10b68bb289cc250e25bf7cae;3ac931576cadd9024f44c5f422310385;1229.0
2fd6773be058192530422e080d572d5f;4c2089a12a52544c5624c0e81a4e2ac0;13990.0
2feaec2d3c6ac1e76d4329cc619b7e39;26bae275a43015f607fab3327e9d85f9;1490.0
3043fbadaa9faa51adda15aa2b8e47b9;509f38389d19f0e52df7f88ae0ccc2fe;1490.0
304bdaf11c7c156ec43088755878859d;1ccba32436fdc62c8cf83bdc27d9aafa;37.9
304c9b2f2b5f94cd279de2fabdae980e;16ec07d6247df6b9167934a9a2cac5a8;119.9
304c9b2f2b5f94cd279de2fabdae980e;16ec07d6247df6b9167934a9a2cac5a8;119.9
311d828b7a77a0fbdbec39622635a323;0f0126caf86c8bf9c57d476497ba8d51;149.9
313ed35ebba709002d2323077e07c895;2a45aa7325fde241b1c4c4e0a8b4ad4d;8491.0
316fd0fa308de2045ad9354f5ad99080;4e5a66ed607f449632b3511446bc3beb;55.0
32600a54c21be85c372e74ffef5a788b;176648154f5131d15bd2bbdd63d3d8cc;37.9
32cf7fa0a9cd00bd2474e4992c6a5d5f;50a569e691a3cf3b45aca2b01931ecec;97.49
32d96bc68e6032e9e5d4c084477f82da;3d35b9d2b20bf0770dd74b72f05e125b;460.0
3345ec11480977594c6dcea052ef7182;039b30195353a6a921d937d2404137c9;75.09
3345ec11480977594c6dcea052ef7182;039b30195353a6a921d937d2404137c9;71.69
336c99f93edfdd1a89266fca3090fe3e;178a6c80386d2eadaea9e3b5224f7a04;79.9
33a8d330da2de08b9f08bb29eeabedbd;21434503fe57b0bd6ba0851001c3a0b2;149.0
342658dbe6728d125fed3c482d10f0d8;16ed733741de211a0c9c8c662d219906;679.2
343269e600e7eec476bfd8f1643c812f;01cc5bc7b17103280c8b6408cf0da94c;39.9
3445702efd49c0eb397e7fe3b9cdf941;09a10b3d82cf9c90def1b5942f8c0a2a;361.0
3485fb726866d5c984a620c2c29575b0;2c903a7f1984a651673db2bbd8ceb00e;995.0
34bc7777108d415cfba2596d90842882;1ab0c34297c33a2e133d98472388039b;9990.0
34bf7bf2594710f198fb6e71e6f64ad8;0be9df4e90c6a3a31a2461da39e0af54;129.0
34c11659f2dfc620ca8cbea138e7b117;0c0bf1ce8a39d034537fa65f2b1760df;89.0
34c23101a8253b015f322ac7ef91a515;0a58c86b59d66dc685528ea73a64df27;999.0
34c23101a8253b015f322ac7ef91a515;11f794e4632d03958a732f613ffee8d1;679.2
34c23101a8253b015f322ac7ef91a515;147e348581c5ec713c5891293611fb11;43.0
34dfcbdc3070408ff2324417e89e0992;315727ba819eb3e5cb1d41b854d200d2;102.7
352ccd1849c9f456ff8b9ef522a4a7f5;20990816c3c3d8bcf59b59be4c4d0b6f;742.0
352ccd1849c9f456ff8b9ef522a4a7f5;20990816c3c3d8bcf59b59be4c4d0b6f;825.0
355bdb5be953faa9ead0a5713c07e780;2c9c9605b659b09508b4c08efc16bb40;1190.0
35e10fbc66627d6523cee69c3b590828;3e951c3822afc85b4f826907f903030e;5990.0
3667b06220a35f5fc1151d56afb8b939;11d31b0f05d5931851037057ba9e6e7d;55.0
3681b41884d5b4fb0c894abbfdbf60d0;2cc3f72955dd80fbd1636de9ec1473c9;47.1
3681b41884d5b4fb0c894abbfdbf60d0;2cc3f72955dd80fbd1636de9ec1473c9;32.0
36ea4c9e73af00abc985d30ed1dd1399;0df5f372fce08f1e812eaccd3900c6c5;33.69
37088f583f957bc11e72ee13ff4b7116;11c98105e1650ee096b80eadc41f5d01;37.9
375287152fea599e1185dc78fc2d6b30;4e49282dea59d491ad2097f18994673e;16499.0
3779f625f757ba4af4d1d64099dc9895;38f6ccf560172f9cfee85ff9059f20b8;999.0
3791598f4c2e945ac0ab04c2db83dc75;295eb00982b5c2fe816f35703642e8a7;47.9
37b07c09797b50fc6475f7a1682e1c50;0ca1d0c74c7c499c658e36d801f00abe;799.99
385c74cbaaf6a21dd53857dd58dd0c02;1e803dd1cc7c5d1a694c017616ed9045;129.99
387f2f864db625cd2f8e6e9b11075fa4;47475c0acba9cfe4455594a2172c29af;46.7
38c4e3558c587e51e09a633f5523d9af;23eba57f76dc93aaf558261d95e6aa9f;754.63
38cd12120513479c1e2aa19e2e001943;413dbed9299f220fc301b66d093136f0;8991.0
38ce3656109f2d74fa75736089fb0b74;2485fc849e5a62de0920f9626841a1f7;33.69
38dda5b67fa4ad2a50b1a013aa8d1a6b;17d3371ccb4430ae57ed50ed18cca6ef;45.3
3935f04399537f46429ae6a363f890ed;0db24d5eda0fa4a6b7ab6e274e4542a5;9790.0
3954e2c05833d7eeb92238cd0c3a7c00;4ff0da60879e9a064a3daf9d395a2fc0;67.9
3a1ac15c4a6384728637b820fdedd5be;4652557c697f0f9fa9af20822bd900e5;809.0
3a2cefc62e3c31018d86306e2a79a866;3e70eb74fb27670d6bad894fcecedacb;1799.0
3a46edc7afa22b1ae699ef54464e1711;244d5375a5b18e020242a96a0857c7b7;108.99
3a49e9e981e96164e4f2dd1328c65a35;28b7234270001dfbd099ca90a08d8560;92.9
3a6645c418bcaf806231dc2f5558a650;0eaeb5bfb385c094b7c72df4b42aea0a;159.0
3af08aec83375fda62be0be22ef304c8;142fc82c4c84d63e1a0177ccbb70b84d;55.0
3af08aec83375fda62be0be22ef304c8;142fc82c4c84d63e1a0177ccbb70b84d;99.0
3b0bb2b339aade0f13a5f4458cb4be7a;33a8f50a614bf06ad54b7c7eddbe92ba;1393.0
3b0f1df38ec5d837a07a4636a52cb44e;31e47445c9d3c5be87f24ecc2e25e34e;135.2
3b20324a42c9cd398aa95c4c1e46cfdf;3074336046c949cb405d5fecdc69752a;38.19
3b4c96c2cc0dc2e4438ae316e94225ae;055dd642734edbefb23b612ca92c9ce2;1213.0
3b4c96c2cc0dc2e4438ae316e94225ae;055dd642734edbefb23b612ca92c9ce2;1266.0
3b6fd2a22689bb29d920a12ad2f6b6ca;3adf1e3814e0a11c5e166036db96b92f;9990.0
3b6fd2a22689bb29d920a12ad2f6b6ca;3adf1e3814e0a11c5e166036db96b92f;9990.0
3ba28addb48c81e0695a7e3f313264f8;458be66826bf4dfda4c59c85aa968817;9550.0
3bc0a265691f393b790f8c431c433367;171a9e434cc971c1e47cd890dc23be5d;5640.0
3be683bde2fa24b0cc6e261a843706ac;395ef619662fdf3541d64ac68802eb7c;8999.0
3c167a870907a8cf71361b4a496c1a9f;16f17776fccf0158af9e71af1ac685ce;127.17
3c45a68a5d378193014e9faf88e7019e;379d8d8e7dfd4c69e305055088287da2;134.9
3c45a68a5d378193014e9faf88e7019e;4231fef559b2cf525d97617d4b1dc481;149.9
3d14adedff8829d28025f5687d8615f1;2f45433cf6f97a2f3e7b8eb757298488;1199.0
3d7f6132d06cde0ae8ffd9128ac493be;3435c39446657603d12f4790b1d5ae17;1976.0
3d7f6132d06cde0ae8ffd9128ac493be;3435c39446657603d12f4790b1d5ae17;983.0
3d94116ca0a063e6b7e6b49f1ea88c30;13b2d1aec73ba93b5cfd76b03be6a0cc;149.9
3deae89300a5a06fda2eaf02b953af3d;1f5f8993dd20ad9fd67f6e10da8d37fe;55.0
3e1f80a0e36091616d794532aaf4734d;4118228c607cd76555eb51f84738d102;33.69
3e825dee7afe470cfcd005eda8d52e6e;47709a2208e3456bac1758741264ca6d;545.0
3e93fb9eeddf9dd6cf93c5be82b3e374;05a6642c61957c0f283ca6287c902ad0;160.55
3e93fb9eeddf9dd6cf93c5be82b3e374;05a6642c61957c0f283ca6287c902ad0;180.5
3e93fb9eeddf9dd6cf93c5be82b3e374;05a6642c61957c0f283ca6287c902ad0;65.55
3e9d5c9c169ca76355d4c148cf57606e;0c42c5a64e54197805d2dd7569787855;1092.0
3edac66f956f6a1620ffdcc8ae4e232b;47758113867d832ad6ffe8db7241aa82;169.0
3f149071539efe8e3185f49d73dd58ca;207a2c4c596054d99e9adfb79f867596;620.02
3f5564665e365d61f8a077ec55e0a31a;162b8368b4a4a0eca80fda93e8cc6e4f;745.0
3f5f7fe5f54ef4550ee3c1e9a4decc85;04a4c8fb45aae29402231ccac5322a54;149.0
3f68d03d2579b715085a592cf325924f;2762d9b2f846e194eec3b0652a7cb361;1990.0
401943f44a7e82223cdd21bbcf701850;07fd4ec72aa91ef42dff6e0b0e2ea9e3;169.0
4029889252cc8ea0f67e00a8f20867e3;291c93ef0c37985ca62d47493bebf618;37.9
40992258df3f3361d0c9f668bd2b94b0;1c6aa7e2d64944f739ecb210acae8f5e;169.0
40b2e95571f5e09bf4607e03d08662a5;2eb3a10b7428c99eb0f928d8c97055ef;149.0
4104abb628b944cb3dc413efdc3fe48d;13c8140c5bd12add38edf8905e29fad2;49.9
411232443511bdca970b58d251282dd6;3d95bb9900130ca55b149504f8922102;39.09
414edc4a96ad52d72810f669e8efd25d;3ce9cdf469f9fe7502583322efb843c2;999.0
4167adce46285d8b2ef3ae6f8c06ec79;50d18e020e5f009b9f128ef250ab2802;1990.0
416d90a42daccbea3babef00321c901e;0db5a1491cc99b37ec595ce057f26f3e;119.0
41d64c2cc324be0accfb5294ea0b97ad;19556b45dc295579044bf4458b98a226;39.1
4236c8c91a4ae6bb6cb7f3cc00027055;1b0dba7f727fcb657857e77dbbad5954;140.8
42eecb57ae33e91fb255536bbd5bd61c;222a82f2e0ebf61abc15fe02f0f53668;39.1
434b5c2be651ba20d66b287f8d1d4e5c;15b570dba94c9aed6d4e02c0ab4e9769;7990.0
4364d777bd027b738ade34bf2de95b2b;2ee8357579e8a0de0003105584603271;149.9
436e5cb682a7b28b1467dacdb0bdac2a;015cc114e2f7d69601b5305276376b43;52.66
436e5cb682a7b28b1467dacdb0bdac2a;015cc114e2f7d69601b5305276376b43;52.67
436e5cb682a7b28b1467dacdb0bdac2a;4bdc90737dcc62eb085439fcccb98e14;43.9
43c631bd2e669a68521c9c514a78280f;311638d963062e45bc1a23af22888803;853.0
43c631bd2e669a68521c9c514a78280f;311638d963062e45bc1a23af22888803;849.0
43f21eed8cf8775a031fb64f04738f6e;3623661369ad3714729296cb06749556;999.0
449b79b8f23f5a67b7df48d6777194e0;278130b0025ad8103e04ff8a37b300e4;99.9
44a173627b80c38d85b3544b9e7320fb;05eb5107ffac8da89d829b4f7ce1be45;1090.0
44a173627b80c38d85b3544b9e7320fb;05eb5107ffac8da89d829b4f7ce1be45;1990.0
44cbfbefe8a0355159643a7e6c85179a;1aed18acda251651ed48cfe58ef366bb;1199.0
44cbfbefe8a0355159643a7e6c85179a;1aed18acda251651ed48cfe58ef366bb;1299.0
44e2a71e6e34dd164f57f63ded77ff0c;1ff8e66e124e9d83457fa3d74a5eb37b;5990.0
4575af1f078c33832668abdd5f702523;47bbdba874d21ce69c536ec7af1208b6;37.99
45847417714daf5cd28ec35ca9eaa5b9;282b6f9c397965c6aed1f86c368d3e8f;1990.0
45c956daf797732eaad63ad5c936e719;25c127122f1ee441cad7d9915d702b03;999.0
461297a99195fb9dc081c99a86ac22a1;0c369954938d0caf0643da3461995627;13990.0
464e0f2e8f851cffbf0f66c69cdfe31d;140bd202a49eb8eab288c5db9a4389cf;149.9
4713767e44ec85416ec7f096e3242178;3e20911e3f192017e1ff51aab8ba2671;149.0
4713767e44ec85416ec7f096e3242178;3f79cfcb4947eb7da2de264d6e1cad7c;1299.0
4732180784801ac94d028a3e6c7b6129;0a7e8d65cf0af35073098ec642e36b4a;149.0
47552b1c03bb208e5537d9f4bfa46a9c;41d4fac80a5d9faa18b3aeda575c44bc;0.01
47960df4b776f2f8693d86e5c94fba6c;1561b4997fc5e3449c7d2a8022fea889;161.9
47bedbc8d0a7c87bfbd70e59da7be7f6;1fc16811a091e2154f14ceb0dffd214f;37.9
47f9028acd72ee63b8b5da4dcd13ab9e;1ffa293e606d82bae7452abbb447de2f;995.0
47ffc5d4186782246b549f7d7dafbddf;29a6404215d84d4a8b798b10aaa9628f;145.99
482be13ea0bc8c0fe58d97573bc4bc9a;39d2b9ec2465adf0b872f8829922439e;1137.88
483388581a53247e1005d6786c315d62;283615dde7b838ecb63739cd81c7aac1;2499.0
4893b3727792c44f7f2f9435553b63d8;3fc7e8c699aa0a918809609d59970141;1221.14
48d0b7aaff75c5ac101fa289d5cce9d4;308e800dabcb73eec688e7dbfb42df5a;42.89
498d6b49578c36168d1aa92aef8f2b77;11057ae9e5d1a587ed30ca0410d3e6d0;545.0
49c85b95345e5946061c9acd2bb52833;2299a690df54af3b94b98b441f93e4d8;749.9
4a02a8b0930abd55e50cc53f15dc2f5b;0da9ee6cd749722201417b66d0049803;93.5
4a3ce4e375d3010cee3b36d3200f77ac;112575489bc07777e896205d18328cb4;78.2
4abdb8d786d62048ecef5b2f43fab75c;16403b20530aae2686a4d001703bd50d;36.9
4adb4429f525e59ea183a57fba863549;1ac73d381b6b267fa8dd90ea1bca1367;1393.0
4af5b085af9382d36366e095c357e678;1fd55499e363df25691e72bdcffd131b;65.0
4b0600d67a3f991eca45816e84e9e74e;16d6a5fd8237cdc23462ded55dfd75bf;1528.0
4b39573838a0bf2472d6d7f51861b785;0438a14fb7079a88074f7d9443925d46;55.0
4b4de9c3ffbb355cd3339e6e083eb0d8;062b02734de038bba7e71ab8f412882a;159.0
4b531eb6607026ffc9bc122b8bd5b705;0a9dd08c64f963e3e18e006a9dfd9e1c;1184.88
4ba051bfe0ded6acb1820bef21ad8625;0e679cc28b527495981ef8c74c49bd6f;679.2
4ba051bfe0ded6acb1820bef21ad8625;13087831765166a9bbb13676fb9088a3;129.9
4ba051bfe0ded6acb1820bef21ad8625;39ce717d77352ce50e758f0dc59c2603;129.9
4beaf4c3fda708ff58c54d58e2e0eb36;30fbb73719c2b09daa5ec5750c7c09c2;119.0
4c0029cc5c194e1107902697cca8b4b1;04592ea3e755f71cf8a1b841c693660c;36.9
4c5acb2f96f3eb1e0f1d006d6f02690c;09dfba7f9edb3cbec97b7a63e9097152;1499.0
4c7b47865e7129e4231705ad4a91b29c;09802e0b1e34dcb802a74f28daeffb3a;1009.66
4c7b47865e7129e4231705ad4a91b29c;4c653e753cee0e579213ab26bf69f6dc;1010.0
4c7b47865e7129e4231705ad4a91b29c;4c653e753cee0e579213ab26bf69f6dc;1160.0
4c8c3b5637366ac2cc2a0ecbddc13e73;119337d65a6d8ed3227990d7db6ccda5;9362.0
4ca593298e4a00eeab3accfff059d3da;16cb26c0c6e8fa29287a6c7280f61f12;134.9
4d33ac1dfcd054e692fd4b5d9b99f13c;2d85d374ae3545140c7aedac720f6e36;999.0
4dcc14d5b7d9d0857234c45b95480a03;4c6b7d07febe7a995b440b4de755925c;179.0
4dcf2ca685002af5c10e02d78d5352b1;40c2d508e0e8c5aac9ddbb24a27732d7;59.9
4de35acea34e1250d87dbc0bf299ed05;25a6f2b8c8f6eb9c2ccf2e08304b004e;99.99
4e0d06919a9e243f1deca1ac85471820;317e417a2d4bfd856fb57fbf43fb4ab7;9990.0
4e40fac2a50e5944f9ac25d9a96e6e46;16475a8643c3df2bc0de260938965265;977.0
4e912564399475553f4bfdd0bd74dab2;239be08ec943d0d438feeda73279d6c7;1299.0
4e9411fe38bd89488610d1e452462cee;22f638c884f74b1343d53362bf32e9f3;99.99
4ea48bc8ee5a50b937e66ba3e7c4ee83;08eaf65a9959af22d10e05c94a20a687;159.0
4ebe37b8e805a19c096ad99096972d1e;2be7c374567a55e36485b145b755ef18;149.0
4f0c492c09262d336756a49fd6ea4818;0237cff1e0aaedeb9cb029d70d46eafb;1190.0
4f68cb848d7ffd31b7b06026f0c86708;43f66bf3652ba259496ca5fa0148d5c4;249.0
4facb98b6b986c6209e009ae54200a0d;411248b302d417fd34173a14ef774a59;37.79
4fe1916b832a8ebb3a3677ffa96e8f83;2b0f92f36125e393e18eeab40c9d6b05;34.9
504c040e59a22b7cc9f4e1afef3d40fc;0aaae19bb9bf1a3eb16a6f5e7d324332;5990.0
505c14e695fbbce399b0f384ad846c9c;4efdf234ca721d2a3190d7a08fea3759;40.39
50af67f3bdd964dfae7d71b1ee0d3397;3c07d9b3a2815a7ab3145aa0dcd3d338;175.2
50c0bd8204775a40a1c68c9605909646;244c75ecc87665328a31b52a04bb4e61;109.99
50e647dc2235918bb73046b0ce5d4592;3431a0078e98a9cdaf88c55ce806dc15;99.0
50edab692d0f2ebc42151b4658ec2c5b;3db34b345f57d26f156d44eb8cff0730;47.1
50f2bc32f26b73fccc758b6e59dabe25;2c681cba28f0e37d3173e355661ca73a;97.3
5114a12f991f4bbd57153c6b42a0adde;4988c84ce74cc983ec6aca8dd9d73661;34.4
518da0244fe3c739f5784e8c90e382c3;44170fd0f5cb32abd3fd2b336ab39830;13990.0
51d734ff9f840c468eee6cfd47962419;397c125d9808b6027798b8cc2f49fa2a;6990.0
51de9f3f210c55c23f2cab1ee2304336;26a4ccd22d6992bb3327b75cb6ea75ac;85.0
5258fccaab28c879bbd609d557e95513;080b7f77f5d5697cfc7f9ad54ac3c5e8;1603.0
527a0add7dfd4731fb67018d44eab881;4a7e1fcf87ad1b1befe116713d5cd418;612.0
52a0fd3765db5730a5bd92e2579bac72;3e84304bbd95f5c5c7d56d6535153ef4;106.9
52f3ba5f2a7901ded0bdcb85902e769f;2afc6bef679af4ac4c32967cdd339058;999.0
53ba20674f768fd7e13be09f2140bfb3;12b35a0eb2d6c29455eefb5bd7724374;9990.0
53c85360029609313d1cfc15595cee92;2337a4a0e60362e1d4f94c640654aad3;1393.0
53dc903253d82eb1c6445bd7789d5d9d;15a870b4857d4e3088cbd315b399382d;134.9
54eaa715c50d5b5c8b3d0666e97d437e;01eac1155c1be9f9d5d91d1359833ec3;839.9
54fe2c91b059c43e60071c7bbdb0eb38;00eae0d5f2156257b0e9f51b89ddb9d6;38.9
54ff1735ae8b1612798a03537eca0def;21a1b665424a620a70777650deb76ed1;150.79
5536c58b82dee644a01cba9292eeb955;2216fd066a956f4b3d709adcae0f2b49;2990.0
5579a0325e72c9955d5ff2e02e845c8c;1b76a2214a849ce527f08f5d639ac051;827.61
5579a0325e72c9955d5ff2e02e845c8c;1c5d6b829380b75246e48e4ad12dea03;917.0
5579a0325e72c9955d5ff2e02e845c8c;509157fd862f619029dda303123ebc1a;749.25
55e917e8d0a1d10abc973fbf2ea01ebf;394deff89158aee5efd7898f436c2782;8990.0
56000a169e905460a8430d1e10e58ad4;4f64b0e7a16ad7b1c0a403ccac33450c;109.0
562394e10765343ad464711f5c685f28;08adb11e0606184b60e531314df4da48;1299.0
5670b0e6daf5e8b4cf03168d8c44bb7c;19011dce79a468300e516823666ff448;149.0
57238af9c5cfd70dca1efff338059368;3d70a0e4395504aafd80cf9d4e24e0c5;5990.0
577e3bdc91fc7362feb4815e9fb3d673;2a4cc4eb60b7b3518942ebfa409c3e1d;37.9
583a13d8d7d1a45c7d0218e65bb4eecd;001e6972bacf132cdde5b3fbf2b5423b;778.0
583a13d8d7d1a45c7d0218e65bb4eecd;0d872fc3de79713e17583efb77a8c6e4;109.09
5a40e460af712ad36d7628a666d0a607;3f9967fba56f601be5e3c339d97eda26;199.2
5aafeaeec975cfd4eeea0e187fbb390e;2ca1766d4d14e9aea4cd0c53eaebc194;645.0
5acfbb5a6bcd4e69a0bbdbc8a627ad6f;422685c93335e0df691828442b8b1e4c;400.0
5acfbb5a6bcd4e69a0bbdbc8a627ad6f;422685c93335e0df691828442b8b1e4c;600.0
5ada59a9af1f0b777a70b86502800069;25fa2978ea1cbae7937e8ba72020689a;99.9
5b0e5bb7ffcb21b9ab49cee499489928;28ba1ed941ff3d9435aae61966daf1ee;89.9
5b0e5bb7ffcb21b9ab49cee499489928;28ba1ed941ff3d9435aae61966daf1ee;89.9
5b2637f1e7c8bea6dd5d24d7760f462d;15f0a00339cce568156f1f8067f51bdc;35.9
5b3326015c746430a48e0a3a3a39836d;04d414c1a092c139fe309f1e09f6d8f7;745.0
5c7b9a5bba1dcd593ab9d874a6337350;01a500f01626b9d6629445bb83cc57b2;1299.0
5cba5a8241251baa2524113ac1aa8a28;3c722f921550c6f429954ffbf4008e82;1010.0
5cba5a8241251baa2524113ac1aa8a28;3c722f921550c6f429954ffbf4008e82;1160.0
5cba5a8241251baa2524113ac1aa8a28;3e90fd86cfcf3bdda38c2f83731ef5d4;877.0
5d73345792746770f2abdf2cbb3dbe14;39aa61e433821ba39454a191f303fc8f;3990.0
5dc3064facd264c215977eeda29282cd;20fe78d3d812f2595202024da80e9f55;1990.0
5df8ee17a53dd61d9a5d46ac482ca7cf;300423aae298cd7b8b8e10ff0fcb63c5;1199.0
5e508d300773f24de355e6a780b01ddc;3cbba92a6c89524c67761b816b9e8eee;654.0
5e5dae6c43abacd808982e73134f35d3;0e944f978fa02e4af48dd51b1089ad14;179.0
5e70a0c67e4acc24395dbb1f36ce03e3;0c139fd5a6f2bf48b18044accd925425;4990.0
5ecd8cb0dca46c452b3e660a690ad9c4;286e6e64e81bec888188b64228d36f94;175.0
5ed1c574b16549247633de7ee43f0f7b;1c198c8e24d2653523d6622f523a72a0;169.9
5f85fb7b95c6d1bb14f1793a1e5e74bc;41794dd267f820c71b0cbd25914c6c43;9134.0
5f85fb7b95c6d1bb14f1793a1e5e74bc;41794dd267f820c71b0cbd25914c6c43;1546.0
5fe4203c7a7e0f408af787e90794ceb8;2c7bd76d239f4f68ae9f29d7d5b112ef;2499.0
5feb038f0e7ae2e33fd153c0610ab5ab;4871e34dab99cc61357490d34363b05a;1990.0
600e48b91bdd3d71ee35240b5e4a4731;3d4c6673ccd9dc2a9056e95028957439;1299.0
60451bae5aa367e5890e1b8a7e56ebfc;2cf41b4ece450ef16bb16c92ea5b8876;1379.0
60451bae5aa367e5890e1b8a7e56ebfc;3144554301c5b1a76f1691a463dcfc28;3899.0
60b1bd7a79a615df37487ee915080b76;1afe8e15c529012fe15541e80c7e4dd0;880.02
60f56abdd005b1f5308135513eea186f;2acbe4a6f7fae878e942bb6e833792f2;679.2
6109eda574a9ba6fd5fc43f5344ff875;2d65e334c74474e6183a3268a1a099a3;134.9
61486aff035454d834b7e94f43c3f93a;5106723ab4865b90e00129f2a17cae13;880.19
61a9d553809962026c5c0d9e4a4340a3;194714877d301387e630584a3f8939f7;37.9
6203df62dfd1775625b2771ea4c3ee2b;35015c21238c6c36598d744f65bac2e1;1673.0
622c0e34b0f265031931fa875039dc98;3d014a0ee2f8e106f47f9ff4948cd0e8;9260.0
6277916143e6f6179ab4a8c041d3d46b;379ade4d70f5ee7a0c83ed8aa1548dbe;149.0
6278fc5bcd4fc190ac46aaef7d419c9c;512669827ef751b5f2ceb8d9310019dc;636.0
6278fc5bcd4fc190ac46aaef7d419c9c;512669827ef751b5f2ceb8d9310019dc;1537.0
63bc6130ede303471b1fc2dd7a97a2b6;1c785a25ce4e65c3cc229a5cc81a8de9;4990.0
63d1b59ed254dde564135573c6abfb6a;02ff7ed6bb64719d23f7576ffde8ebef;7990.0
63d1b59ed254dde564135573c6abfb6a;4d351de5d4c34dc4acb60413c55cdd48;9990.0
63dd7b35721033c56cffc1f8a3083148;0fb0626632799b22c8c9701f55849bfe;1790.0
63e1ee9cf794162501909333ffc37143;1376ff89d2bb59992e2b718a49f07921;5240.0
63f3b82d507f8d2a88a9a44f2809cd1d;3f69907514f709a83470db088efeca7a;1490.0
642e97b239c6b2ca2a5f60d51126f36f;15c087d59338495a06b1e4e290d7cd0e;134.9
645e365848a21b92ceac36c9ac1f92a0;2cf949f86b00e1e966488ed52f4a7a9b;999.0
64913323bc2ce70d3451e0b08425c311;3af7e1f27e2412092f34d135c641d441;119.99
65b812a7575955deee0bcf71d2bfd651;2a685b37efbd4c375c921840a2e56877;889.9
65bcb5f92d38920b599ed942be33aa18;21ec31d71775f91581a00bcccd70732a;1945.0
65d8bf667d4424201773637988b13c58;487d457ed45fb97c6b3de0d7c4294fcf;522.0
666805e22fafdf5e80cef7f3e76dfa53;0b8515be84ae9adc1cfdb178031538ae;2990.0
66d45ec97fa2f17c108858098a7e5a1e;375a00ec3b7e21cc299bc6d10d7742f5;39.9
66d8a67e8f762fdc1d2f7521754a9247;02d7b46ff2e85065200cb230af1c13fd;849.0
680f1d45ddba0fe92f9aef670bf7a555;275a93216e3476ef4a2c2c1f60488e41;149.0
6894a6e39ec8586d8ace57201dedaf47;48b683d238c9bc9c52f1bc2289a16872;816.5
689c97b6abbc1ac69b05c788563ba11a;0ba00c3f0e9d39651a2c4d452825dad4;1495.0
689c97b6abbc1ac69b05c788563ba11a;329518d3813c9292420105537dfcaad9;763.0
694532843f6a6850cd48298ce131900c;280dd2d86af4d99d5bb573ba78576bb6;8999.0
695c68c3d3e5e5a66385a236eae2e767;00282ad38fb8fb8ae1e4b7167cb71010;999.0
69ee8bffdb87b5ebec2165919f0847fe;42acae2d8d29a8b2ebc9f790ceefc0c1;416.0
6a083106913ecf578d518ebc044d66eb;2792f210ce43cadaa2fe7070192fa8e6;1490.0
6a222afbd9923db5ceaec73f183e14c3;1a7e9f6d10184bd8a2dbfb0f446d926e;79.9
6a35fe3702e9d3288b2fc9ffa13a5ab8;374f7fd13ee35d7a8f1fbfeef6c2580e;999.0
6a94916ccdc3252d96dc4e7c7e1362c4;40304b74974bd7001ff14d2c8365ee20;1210.0
6a94916ccdc3252d96dc4e7c7e1362c4;40304b74974bd7001ff14d2c8365ee20;9370.0
6b2cfb405623f1c9e7abcbfe6d744fc5;48f0bd9639fadc962f29f6fbfa335022;99.0
6b2f4c910e3c36b1da91ff4b85ef7f18;47414c043e27b16779266f2adac4a2cd;1.0
6cbba4346d5f19ba3dfc3a396a51966c;47b6a481cd0e59bedfac41cc03588f41;1190.0
6cbba4346d5f19ba3dfc3a396a51966c;47b6a481cd0e59bedfac41cc03588f41;2140.0
6d4baad9903a7135ce0d302cef422f00;1bc1e3338df8007aaacb56bfd4f2bf28;999.0
6d8097043096caf0978af9ca9a13e519;2d9a38fe1fc55e59fdf5eead3f412cde;1865.0
6e2220e5fdddbb0b8d8a4d1603648c2b;31ac3d3e2230a206164e674bd0f15167;74.6
6ea1b23bdf94743dd2321566d577c5ce;0bbb11578061f5bfd957a6d9f4cb47ee;37.9
6f3a9f7b66c00225b6f778ba27ba320c;12d23fc131a9e8e6937bd1c322e9172f;870.0
6f3a9f7b66c00225b6f778ba27ba320c;4e836ae07fe95b8c75d7cb2bac7ecede;2050.0
6fca70e08f8b43529d11643883bdfaec;2ea4d9f69d107f4dafe2181d3058de15;37.9
70134566b370d1bc0a44d907a25df8d1;398df8ee66e16944d8a9d4dbf93c9fea;8688.0
7023ccaddfae9da1286805a7c504776e;4da787c9215bef3c6b0f704caa8e3f88;995.0
7099959841b450f4bb5309481d493277;1d4bbe7f05c04ce970911a197a354f7d;37.9
71030f56caea5e3027b4b0dfeb780b1d;4e9155a88454f003ca3648e407cc7cd2;495.0
710acab9701f2c09807725cf98f9a267;055d78858b6f5dd1c9092e0b27b0a262;55.0
711e7de58c0987608b1751c2aefbe550;3490702727fa4a06f423b52af85f3f5a;55.0
71538d10e6ac53cdda9e43fa88fa59db;4bbe1e049816279dbc901a7b0511691c;17990.0
71538d10e6ac53cdda9e43fa88fa59db;4bbe1e049816279dbc901a7b0511691c;17990.0
7157c8e0b6a7b46cc316d557a490b1c5;1020e459cfeb6ee4e8c087ff9dd02258;1799.0
7157c8e0b6a7b46cc316d557a490b1c5;1020e459cfeb6ee4e8c087ff9dd02258;1299.0
7167456f863c259a21b45ab456869b48;407585b4fd100d2113667d14b4722405;457.0
7172becb1e0bb984dcbb2cd4779f8bd7;46232b48b7bf2cda873a3f17105c52a2;343.64
71e420be699a450ab51c091cc8c92844;07cec0753256f115b763a74aa2029ec2;106.9
71f29128276242a64bf0c73d4c32dfe8;24346f834462f6aa5504ce47e869b462;102.7
7209f878ea868cadf4468bfcef295032;0bfcc28e3e1c089c3ecc4849b48e5c95;134.9
721abfbeb41ee681805d25f0c0a192fd;09bab8b69185417131c6e54a20676319;32.99
721cd4bf21d4db28ee280d2644e68952;0a869aebf3a61c58361d842bdeeb632f;179.0
721d9b343f3eecc1c92b1e1dc308bcd5;49d77952e5c8807ea9d2ee271d325b98;249.0
7225d3581a49c88990d4b6206d57131f;1f1cb05c0791bc6edccf0aebb1366dda;590.0
72a94efd17cd9fa3dbb0ad14f44938a3;16e635174bf8352e3ffbc894d97d36f4;249.0
72a94efd17cd9fa3dbb0ad14f44938a3;16e635174bf8352e3ffbc894d97d36f4;149.0
72ae78145d0f069823b01c296bcc0394;4e821b8d68d5be06c4003c87c32d216d;9990.0
72b9fe8aa13a17d9cf0bd4b5ede1d17a;0adc481176db0de6706e8bc74be8bb79;129.0
735d6c51343df6e3d230f09428f9a1a4;2364ad1b96e7cb69747946a093b0369b;43.9
73a48005aa31f5b856264f8d56071056;21e9d4c11b2121834ebb05890acad023;1495.0
73b968122b51fdea4c755b4849b0fc3d;19c8712477e7e72472745bb54c02d693;364.59
73c68afad24beb1766d5f3b692df0215;0f7d8285d0167fd3f63ea7419991de48;31.0
73d0ccf88944cd23825e6e32b7f9181d;19662199705e185ec979c8d439d9c581;1426.18
73d0ccf88944cd23825e6e32b7f9181d;362f04e3ca834762d68c889fc52c01b4;1170.0
746a2c63db2db00565e4c1b313222c73;26219b8b792c4a78df700246e20e3708;89.0
754b87230fe7e5f23f5be30ce37ba1c4;3e62db799c0f8edb02950d8b7c13511a;177.58
75c99b719eba343b47aca38aaa2eb489;3231603e5a5535d4f71df089b54750ef;106.9
75ec271ddea0919c544ed81727663aed;38550acffa7fb78056b535734b4b70b8;436.0
75ec271ddea0919c544ed81727663aed;38550acffa7fb78056b535734b4b70b8;469.0
75fe48a772e242e209f927123f3edd39;016eee8718b2f745b02934db6e6c0e20;99.9
75fe48a772e242e209f927123f3edd39;2242f75c28d445bc7c847d260dca34e2;1299.0
762c4291b79367747f27e2c149f1ac35;071bf62fd24049748a0a36340897ca99;665.0
76696d574870f1520814896057b90037;0956bcc1b300f0c674d980214bcb5eaf;8074.0
76be8f403c5d30afb787315db3d973d4;2005a0214a29cd572852f769a01efbfb;99.99
76c2623b11625452073b34ed02138711;501b608c73576446b65b3b1e4b71ccbb;169.0
76f7f71d6704c38796581fb7426178ee;49de285d752fcfb8cda15598055f6b87;2189.37
772c7cf384c37c5b1e5378f424e09a53;05b761f358ffaaa68963321d70d46cfb;9990.0
77d84409b59e6d4f6cbb32777ebe1b13;07552f6daac13304671801dbdf662d6d;229.0
77d84409b59e6d4f6cbb32777ebe1b13;113e91f137e6a0e0f0189bc7fddc717f;119.1
784ab01c8d8ba6a4498a759611569421;17024f5eee395a1ac5df2a6152c27726;1299.0
784ab01c8d8ba6a4498a759611569421;17024f5eee395a1ac5df2a6152c27726;849.0
79037fcb5460e3127acc58b75333f928;2cfec7a9f09837de3597f93e6400c286;99.99
79037fcb5460e3127acc58b75333f928;351e8c8d34e768922322143cfa535edf;214.0
79543c21f89216ab0f3cecdc39db1a51;0da960dbbe1b3df0fde48ea23f30337e;4390.0
79789f73404db8b73d185e995145fe72;24434e2485c57db95617c2b5c3320b27;579.0
79e0d6856df02e2aaf76a488415ad183;24092485e48188abcd8c445fc75f2367;679.2
7a29941ef6648f5dbab7e1bfb3915bbe;29a1011aceddf7dbd1078bc6fea6c230;179.0
7a29941ef6648f5dbab7e1bfb3915bbe;40480d4830dec1a6c7114f02f3ccbf46;149.0
7a5f793cfc3abdb4b20407d14630c0c1;3027e9def7a56028772d904c5f4ca389;37.0
7a96bc59bc3047566ce2a2694f0fea76;321a590f262858480e65c49c6f4fde16;999.0
7a9720f5d7ae88e19608be9e98f68d66;1c561fac7bc87fe5fe1e7ae327582f90;495.0
7b0eae1da0aae2f5eb5dbbdc73928de2;2b6d01cec8c735369c83701d8a5d27ed;132.56
7b0eae1da0aae2f5eb5dbbdc73928de2;2b6d01cec8c735369c83701d8a5d27ed;100.39
7b469fba355c8b868053a0fe26fcdd81;31ae1cabd32a4702c533035545f7c88c;999.0
7b6d81dcafde026c5fac5323bba55776;2ce1e2ce0c5f01de213358e6fcf20578;819.99
7bf7a44c37eb2dc710ad601c0c10a57f;4e6489fb41d38f254563745742c93d9b;990.0
7bf7a44c37eb2dc710ad601c0c10a57f;4e6489fb41d38f254563745742c93d9b;1141.0
7c0df60b0e15e9d520c413b572ca9443;0ea28c8c88cdc59c5f3d06d16cac84f4;134.9
7c0df60b0e15e9d520c413b572ca9443;4ef1900badb7c68e05a9bad0a36d42be;134.9
7c9aeec096c725ee70bc52174ec7b106;467a05337797894f401c0984d9111713;1499.0
7d3974fc82debd576f783b173e82335d;0379298c5218a18d997e9eda854062ae;129.0
7d3bbda2931d6bf3bb8b39869050bcc3;1844b510626d752a1a2f3a5d357a2774;79.9
7d4cc048d15fc88095baf1e1d586ccbc;4d9b4e90acb542d57b1c6deca2ec87db;59.0
7d666eeae95c7c2125075ca4c17ac43b;3850c3104cd7070c86da5c98221f9f14;741.0
7d666eeae95c7c2125075ca4c17ac43b;3850c3104cd7070c86da5c98221f9f14;725.0
7da4acb5231913623925d082806b4c73;11706275d7dae6eb0f6d801f59788bb5;833.0
7decf241155a384ea0422993c5ad50df;185106ad1f151b21e935e0b762b3f900;1592.0
7decf241155a384ea0422993c5ad50df;2e05ef6c43bfe001aa45a9cd0a1d4c96;55.0
7decf241155a384ea0422993c5ad50df;2ec8200722deeb99d6143abf6e881eb1;1299.0
7df4ba145108c46fc6009ad6b8447771;21fad000a3710150b3b4cbc3b4317822;249.0
7e3e26348296984d650db0087f68962a;1db53452a1b512c89c4b856266a1cbaa;1250.0
7e3e26348296984d650db0087f68962a;3b0f3827a51d0c48278a3b8007186905;12400.0
7e58e91b8b89388808d4be11533bf97b;2685edb085a79309e052b68132e29730;2590.0
7e58e91b8b89388808d4be11533bf97b;4269a88decd6fb4d17e012e5464f5a1a;2499.0
7e6755a45bb6c1849ba0e23827e706ea;4c5e7311fbda9f126c0176ff714b4f59;129.9
7fad54ca6064adb737f0ea49328b4a55;1565adb51d8d206cd406cdb4ce4e7e2e;1490.0
7fc61f0f337ce6410305c3563c5164f7;35e79023451e3fdafcae2aaa81c861a8;109.0
7fdef6baa843b6d14639069ee7f23786;3dffba3af3b6f8275e8322fa0e6ff9cb;157.7
7ff1cb9be7ac81e919c00b1b4a7d9fb8;37336e105cdbea96f282d993f9428afd;999.99
80609f4aa10e41f3040761a01e03cbfc;071aea16c40a75b6acc236f6e59eeb37;2000.0
80609f4aa10e41f3040761a01e03cbfc;071aea16c40a75b6acc236f6e59eeb37;1200.0
8080f655b7e3bdfb107ffc303187676e;4cfe322c2ac09094459281f1209da6a0;46.6
80f759b5958b77c0693d8a6c8cd9d2b1;2208b0762a0f96ee5eba104a7e5d8102;5640.0
80f759b5958b77c0693d8a6c8cd9d2b1;2208b0762a0f96ee5eba104a7e5d8102;3690.0
817e929432d33153abeaf7e914e41ea0;20a9d0ba4f62351389f8e246e8c7a9e4;1199.0
81bdbfd25ee1e90bff866b928d6ea13f;2884f508dcd6f262b9c27240406b8cd5;37.9
81d572ad49fc9f397394518d2965ff7e;019b7e19b3c4b1980f46a2303889e4f6;1990.0
8213a09c8cc231bd1b4516f5f17dceea;0a1612a3e566371e9c22bb1e154bdae7;71.09
825ae5a1987950169f5d6dcd9744897a;0386e3fb97a01c96208c2b7f62d7a41e;577.5
82d950e659cafd4eb65fe80a8b42b6bc;05469c0bdeb6a41a05d6c40a3f43a639;880.0
82d950e659cafd4eb65fe80a8b42b6bc;15be71535c631df3bb55635eadb76d20;880.07
82db54a6a6af6537e322c0b3089bab30;1667f2292a2f565a500d75ddc69da875;995.0
82f8c10d1fd80eca73c05490a05e4b8c;22e23db6cb890e16d5be9928e2dc89a6;845.0
82f8c10d1fd80eca73c05490a05e4b8c;22e23db6cb890e16d5be9928e2dc89a6;845.0
8341f50dcec8a774d4316572a49eac45;3eb0d9f7a4caad492beb60efa13b6018;9.99
835ac71c8898c88ab6c14b958099feba;43ef392fa62dd5b56797780fd25912e4;892.86
835cb5509427ac384a487d5ad106b7e3;36c4bce71097b2df193fcb3e41d47420;76.49
8370cd40614d60879fa4bfd8edc72a87;1d309f210d2ebbc858c0ab9cd8885539;999.0
83d65d6694477501aa311a1185bb78cf;1344b339cf959075867e9917a5a8d7c0;1299.9
849254dfe4fca990a8b46c69c4e76082;40e4aa79e5745e20f8ec1648877a8f52;40.39
84e7207634071a42f16436029a93c13d;2c5fc373b39b2bceaa825dbdf54be622;995.0
84ef76b45704435ec462f87bbe0555b8;194b4f1c212f0c3edb5a4ed4db65ed96;4990.0
850e7910b9241afbac412d9830507458;0a739d879657cae305e6feecfbfd02aa;679.2
851f17c6849b7f4c21f8cc5886489c86;1233c6aef1d146b6cc5a8c32a8cba43c;9990.0
852056491edba3f9deb9030de46deec6;2411ab0e7fc99e9a3bde9d691a0a40b2;43.9
85ad483d8f85ef18a4b30efc99ee4d4b;3d9b9b5fc1dabfa3b3d310309a2aff02;1490.0
85bc6c089500f15a90a888d2e1913c1a;176142b21c2d351b9be5ce9b20793e82;43.0
85d525d9195bd2e78851ec2bcd65e7c8;413ce6b075ac67e0e014173f2bca5f2a;129.9
8634896b1759f1475f685356c09080f8;2442873f39654674c2e490970026a031;259.0
8649c0e8120f0a77ae32d44e822af259;4d05aa0bbbb8814bcfd19748d92332ed;149.0
864be64c24c3859ad2413f9df9b70b22;3f5d226b5161c611c96b7ff5c5122d98;44.9
866b34f450ac95bc321fff44131e564a;4a0055599d64033e8342f8c560ded4b2;2190.0
86d631249b1ce2911f4a483f337b0fd9;1a21db69e764ee4f97aacbdbfbd4d78d;156.9
871002d1de3ab2d17566089e7069ea1e;1c9fce1e6f1781cfe1a5f0b6972e8c47;679.2
873a177af81f16114c644e52a16f58e4;0e7d77eb088ac8389d522f8b9ee14ad4;39.9
878e8e2caf6df3e9cb10ed7f5c6a4d1b;20006d6a5f9e30edad69fec0a48ac1cb;9990.0
87a0530609b270ed66d01c6729aa6cd6;2a33ae24658ce8514cc1f3878fcc5ed5;7990.0
8863215724910c720b52a324de473af1;447f3fca6154556fa419d2086d8e919d;8991.0
88ba14a21b8c4bae92a0a8a8fdb86b2d;3fd44f02feb7999ddfe120c0bd6e1ff4;789.0
88c8788e7cc6114b6146252e910f341e;0740e694f052cb00464be3925220a71b;99.9
893a205878f56711a98c856f83978088;26eca6a33f826cbb7115cfac2d14d83f;3990.0
8942a2d3701255a1ee523072f6415bc0;0f9bffef224bfa3ec5f8080dbdbdb66d;184.0
896fd3c04896f39492051ed3da356ea8;03719f0960502c54f7ef20d0ec5be812;31.0
8a3735c4f66aa7bbf5b09b683f4dc2da;0080eb9118b80cb9f9cb5fd8d1e85b16;475.0
8a3735c4f66aa7bbf5b09b683f4dc2da;0f6755a067817198ec4a09811b5e4596;1090.0
8a3dc05de336c2aeeefbbb699a7cceb4;1acc2cc8735ad212445dfe916db83e2e;8498.0
8a55afb52f504704f49cf9747dd062c2;2b31c080d582710f20079f127557cde2;999.0
8a951327f1f4f161d2a5c5bced7b4efc;07496219b9e74352bfa270faeb1eae49;149.9
8ab1dd93089e72de6d6b2284a3212d1d;4784b35903d8a2016086a35957f4e128;99.9
8acff5e80e5f375ced4fdbbd6a6ad7e2;348add92c17160056c02b8937559bca2;674.91
8b730258a1213c5113f8926efd42c5ea;2bc4529c960848581d93ebae8ce31ccc;39.0
8b75ce72bd4116f4c685fbadeeb28f06;1da893c67a998e0e3337d54ff3eb1f84;911.0
8b7de5b62de4bb8f7438bbdfc2066b20;068695e45071bf00249acd22b64ab35a;149.9
8ba9a0665abe2f5f1c9588067feb6577;0dbbcfa33c9e8c80952fed8287708fb8;999.0
8d0c9bf8af52f3e644157e9ede508b2e;17dc3a2c45a21178356119c3625bcb12;39.0
8d0c9bf8af52f3e644157e9ede508b2e;2d87fc06910f638e86b88eed8b4fb458;129.9
8d0c9bf8af52f3e644157e9ede508b2e;348a259e1d40f761a22bc245d5ef65f6;999.0
8e169d36fe0eac16936680c114e134ed;41d1f242f1b889ce5d4f9615df544f82;990.0
8e169d36fe0eac16936680c114e134ed;41d1f242f1b889ce5d4f9615df544f82;4190.0
8e17100577953f2f23c6f285a9eb3228;38a604b7d0a13a2a6ae901220b349755;109.0
8f3ea415fb75816c8868275b63171041;195661e364ecdf67ab2643fdbc0e44e4;1305.0
8f8d1168ff9f50ea3baa7a2e901b8b45;3a61e494b4bf4425c13f4cca5e319635;1270.0
8f8d1168ff9f50ea3baa7a2e901b8b45;40b92a4a7e3fdfcf9424340a3bd4c2f6;849.0
8f8d1168ff9f50ea3baa7a2e901b8b45;44921c04e664baab68125743952f61ee;666.0
8fae9f5e74e5b4687a5fc78c72502492;28b3c2d48e8d74cc218ce8b6e98dec04;159.9
90b0506f3bef26b30e776b7f67b7ceb1;0dd77ea6700fc3f0a091fce2471d382f;187.76
910119b6d7dee6d707c3004d2dd8b268;24a16b8670fe629f557357f6a765b267;1753.0
910119b6d7dee6d707c3004d2dd8b268;24a16b8670fe629f557357f6a765b267;7822.0
92128b3af8d4b65526337fb6014cf33a;4cad57c94fd4999022e4727840ee4c8c;119.0
925c2f09e70563ec8190e0f25642a88b;43c4105b157c061ba1d3e3a42ed031ad;89.99
92b4bc60e591b07e00181bbeb0ba26a1;1bfe61967e5f0ba9f993c6e7acbf2b7d;209.0
934098cdf6305c94ddabb40cb72dd7f1;09070d732a69679e1d4e18630343e6ad;999.0
938c07188dfd5f58eb01047c9256588f;365ba16e232130a70831f72397f49f2d;4828.0
938c07188dfd5f58eb01047c9256588f;365ba16e232130a70831f72397f49f2d;780.0
93ddfa734340064613624593746eb5f8;2afc961aa978f346dc278b383819f063;129.0
93f50bab3ac77f959ae0f496834d2aca;17b4293a45d87d747c07190b7e01db87;1111.0
93fb12e6b1659661665698e239f8fddf;3c506a4d47cb09d39348e4ed27137c8d;69.78
943ff50de08e1f381ac5fe45793d536c;08cfad06103ae8d26b230be789459350;999.0
943ff50de08e1f381ac5fe45793d536c;12b534b20a51a2b19c868bec20fe947b;999.0
943ff50de08e1f381ac5fe45793d536c;241a2c7e53922a9d1856e474a8f9646a;679.2
94820d272080e2f76e8c58548a4468af;1145008daa4c59157b6c01b5a49834e1;1299.0
94820d272080e2f76e8c58548a4468af;3ad5dc1cac4005dabca249e22c9aaecc;49.0
94a1b4884915b2d343379319e24cc366;18a2b441ee1be30add30cec644cf2a8e;1720.0
94a1b4884915b2d343379319e24cc366;18a2b441ee1be30add30cec644cf2a8e;1299.0
94cac2d9c30d95755700ab11b10d69a0;44fb32a93ad1794d3bad1ecf2d1e1383;907.01
94cac2d9c30d95755700ab11b10d69a0;44fb32a93ad1794d3bad1ecf2d1e1383;599.2
950f6b890b8a932af7e8810853cd6df7;428c597ed96ed1974c9b7dae2527e7a2;1254.0
950f6b890b8a932af7e8810853cd6df7;428c597ed96ed1974c9b7dae2527e7a2;477.0
9520fd4c6de5307ab0278940d97d0413;355cbb746b21d17e9ec263661b4b58e1;88.0
95771f8fc14005bf3d63a572cbde86c5;3390f20e3c6571b24fc149cfa159ef4e;1679.0
9583b90c29e4339b112f13e6ea9595d4;1cd71fa9c6abfc33a81a01e613662110;849.0
958f147fe8674d42aae089e671687ad8;4994c9cdea500eaaf0a6adedfa2e073f;539.25
95eff1c21f5b5469091badcaf45e574b;4e44543d5c651bb19b3fdea422afbc9e;1990.0
9610ffe0c0bac6b24fe18caf88fcc46b;3231e115a571856712e473ed6e1ce8d5;1592.0
9657f5fb7ccd1b34e18b984a3ef2e5ac;1346e395ef878faf21100e58ebc79e02;1393.0
970138fd582f328822b0f08e4824fc7b;155a0aea908073eaf66f6edca139fb78;118.09
97a178f4c0383a50f0897bde3a3acd1c;15e416619ec7aa7ce1802c24b0ed284d;54.9
97b0dbe69ddc45e65e3d143b57bb6bc0;4987734ec05d2d3352235725bfdf6775;890.0
97b0dbe69ddc45e65e3d143b57bb6bc0;4987734ec05d2d3352235725bfdf6775;890.0
97c365653b9f0c09f40fabf8d0045251;3fef8bbdd298a52c1debde13b97db21b;999.9
97e158210da887e76919592b8e0405da;128b393ae3f4f8bbacb1791984f057ca;1780.71
97e158210da887e76919592b8e0405da;128b393ae3f4f8bbacb1791984f057ca;764.29
97e158210da887e76919592b8e0405da;39c986f37f847e0e37dfedadbfce9526;1781.33
97e158210da887e76919592b8e0405da;39c986f37f847e0e37dfedadbfce9526;1781.34
97e4ecf8ce5b174f35c1ef568bd47783;0deae40c3951f762a7924f828d4bd695;1349.0
97e616b63540733236784bbacf3d548f;1ab4970acf7cbbd2ab5f10f083af5afe;134.9
983b693feb4931ee997af9d7deb360a5;4655ee095c2ae46e4f318e47fc21416d;79.0
985aa6712b7c01d78ba43772610f421c;3cccbb2cace6f5dbcc779ad937987621;1990.0
986c0e5f4ef01d1cc4021cabe99475a8;354bf1b26e3eda4c056153fdd85f9e16;1499.99
987afba6ac629d7760dfc8d94735b37f;3d5142918d957221fac6dd2906197ac6;119.0
993f6951e5d59ae770d95cae332404ae;383344980ae2b71c1078377b27bc5b5c;129.9
995f514b50273f7293543f807c2438df;419fd993a1301827613f1f6b552d5378;49.81
99733c52fa78f231bc798df8565ecd9f;4e4edd803830fb86d222d7b8834fc94b;1490.0
99777ed670232a738e4e8d8b5ee3064e;1842a6545b7f768f4fc03971483056f3;99.9
9a816a151a7caa61ec75ef4008260196;163fd49d4b7399736a4a7ddae88127d4;104.1
9a930d581e36f53029aa8963516a91a4;0fd865a344f4af7c7aca2364ee23b805;99.9
9a9d076a201ab55006a4310d166d35bb;25095b3ddb0162e9374390b7e7837fbb;99.99
9aabd79425a4d6db10b085f23b4c91ac;32dc1b0a723b70263fd3923062810694;999.0
9ac0a0771038ce0f46bc6142ce084e3e;3e0e4864c8c38498fc2a7ceb7aeb740f;9550.0
9ac20e49047380d1c02eae4f6db1bdba;1c764997c3b5969f26bbaf3153531321;995.0
9adcbdc1f143189e4bf272ed576dcad2;0acae845162a5dc23a91869375f70823;106.9
9ae4ff13ef9b1dfd12ab62a7129f1c29;43634096de4d8daf909aa7ca9a2f58f4;7990.0
9b8a7fc920dd6af552053a1ac9afb127;001a56655b87f9b949d9391c64f8ec45;129.0
9bc950a321d5186d2f6f8781be815d6d;25551546b9931c127dca13926488d1d9;199.2
9bf6cf10adc0775db71ea06decccc581;0d56f36fe317fbec479a5d4a7e564faa;81.9
9bf8d54d9b0c8f6f6c19985b7bafd007;206111553e94e4303b7e7d6e947b70ba;59.9
9c0cf90c738eb0fbc74054d7db855617;3de10a3eab870900f27e8156490af732;39.9
9d0e9aa0a5caef50354652195e4b792a;344f5a8e101c5ee5848222726af92d97;995.0
9d5a89aed99e67c96d38f9ae49b898bc;3906fff36bae7e05b0e624f18da588d9;999.0
9ddf13f1940bd2342b6ecdbaf85c680c;301a0a616a8d4ca45d87d6017894300c;2875.0
9deade947cc19c93408c6330fb4b5484;25ee393fdb2af774dce820faa6b31fc2;3990.0
9e3370bcc2185f901add95edd7133ae7;4583a3716dcd80ded7b3dbf7276fa8ef;35.9
9f872bb9294cbc8992373ba63f0c46f7;14ea5e1ea082526e1c25837c8f667075;1490.0
9faca2a912a8167a2ac83ef2c4f2ac5f;031a305f721e9871a10f46f9fa543320;37.9
a08df1cb3ea0e1341fd8eda49af05bd8;06357a8ab4cbbdbfa6520bb8bd52df1f;89.99
a08df1cb3ea0e1341fd8eda49af05bd8;24c1943b10fc7b486cde9e415fff895f;89.99
a08df1cb3ea0e1341fd8eda49af05bd8;2fb2c68c661f0c0bd0bc2dcdd6d3c0e0;159.0
a08df1cb3ea0e1341fd8eda49af05bd8;4929f0a6af851afd203933cf59774f50;89.99
a08df1cb3ea0e1341fd8eda49af05bd8;4929f0a6af851afd203933cf59774f50;77.0
a0a1ce1693395a823d46b864d98161a9;37131780840c00b220ace4914381b62d;610.0
a0fc471f88a8f562eae7af553d050703;173e161249921318e94ce2c6c70e59d1;2499.0
a17e1953cf9b7c9925b54618f4b10a8f;2d9e70cd8cbf7f2c67d05e7f36eb798c;1595.0
a18364a5836d0855ffb07f6a0f61a16c;014257e151e0ab3465185a26315dddff;894.49
a18364a5836d0855ffb07f6a0f61a16c;014257e151e0ab3465185a26315dddff;894.49
a212706bc17efe1dd004c8c0721cb294;068227b4bb852091362f04bade253c83;36.7
a217f7b6543831be33d05cfff9f3edcf;259f44fe82459e67cebd16a0b54ca0ed;792.0
a217f7b6543831be33d05cfff9f3edcf;335d9e52f1c1e9023cecb12b5a826c25;149.0
a267940a6107be67d101d38d48647205;2d6e1750fcd1bd5b6aafed61669d2adc;55.0
a267940a6107be67d101d38d48647205;2d6e1750fcd1bd5b6aafed61669d2adc;199.2
a2bfd9e3228400ec303ca9101bc794ac;2418404f789db5e728c38d8764dc5ae9;790.0
a34ee6755b5f8e0f0192ca1020a65d7d;2a2b71a3087c27fac986413fc1d95d5c;169.0
a37eebb7ac5f41076f4c547d0df690ad;3b3d1eb13e41f9a0131a6d4c3ed8abcd;7990.0
a39387c8b8d72f72b32a43011d7a7b66;031a6760f1da336f88a6cc17f9709964;149.9
a3a44721b7c628126a9bc446f825849d;01af535d237237bb75f9fc5fa75f414e;999.0
a3ad2ebb4366d964ad5ad547493e1957;023f953e6e94a4e733b92420cedaccf9;810.98
a43d1d4b189895e96dbc5896d148aa37;23cb95f21fd52f6a9f7bd98a26f57c5b;89.9
a4588d0395e36f7c540adfd591d0f11c;40e25ac416d6b037ccce5dbfcbbb143e;710.0
a4588d0395e36f7c540adfd591d0f11c;40e25ac416d6b037ccce5dbfcbbb143e;1399.0
a4bb3f4125e82dfe7d89860f309d0135;33477a51c922ccce35ea53b1497dba75;102.0
a4ccab5f287d282f157a47b0d709e08c;1d8d30fdc47caa28bac09fe7bef52a71;433.0
a537dd40c3927a8629224c8762e165f3;4ec0cd4f6e307f561e3ec3c708b13b22;55.0
a5e4c190a384398363ad69a997ad84fd;22d79721a8d4fc7c2cb98f598543dd1c;34.4
a61749c359b3267e0d7ad0bc8f792dbe;12e2236d2d25a5e7de4f148eacf3dd65;1199.0
a61749c359b3267e0d7ad0bc8f792dbe;3842c93779092f7eabd61ca4c6061b9c;149.0
a61749c359b3267e0d7ad0bc8f792dbe;4837bc6bcb7131f2c7ede61d0cc59fc5;999.0
a61b97ff6eee4ceb436778b786d87866;09dec0b8dc0af0253473f41f6718f4ec;79.2
a6269646856342a2c630d86da1386281;10f7d2375849bb8d43d21f73dcb901a1;59.0
a6269646856342a2c630d86da1386281;2508d2d7e6f99d6bdbcd0d99d9b85dc9;849.0
a65cf1a703e95e9cd0ec384f690af3fb;366f891f413cedfa697ca958fd874a73;44.4
a65ea330bf3bd8d5082688ea8fb5770d;314300d0233389817a3f374d1a9b4e9f;34.99
a7df3b41d3da75d55c1517a3f4adfedb;29bc7e0dc025c61a643967cd5696b713;149.0
a7e63d22e0c54b01684194230c62036d;1ca43ad05bcff32dbaf83506cf47129f;149.0
a861584b69caf2561768812e519ad06a;02fe4cbf2bb794402d7617a071eb648a;94.73
a86cb8d48b61dc441ae7a866b0b064a8;31cda63a2b8cb23dab11a760604b4641;149.0
a86cb8d48b61dc441ae7a866b0b064a8;31cda63a2b8cb23dab11a760604b4641;99.9
a88490954af917ffaf9814d0e48c8e26;254fdf62edec9f8ad0cc9a78b9a17650;1100.0
a8ca132d7dfc1c0a45ad5e0a9003809c;20901514c59669f3bba38411870df292;134.1
a8cb91849ae4dbdec4ea048829397362;12374704b1e2d0716258bffb033b490b;149.0
a8cb91849ae4dbdec4ea048829397362;195aaadeaefe1ceecb04410ef812e28d;899.0
a8cb91849ae4dbdec4ea048829397362;195aaadeaefe1ceecb04410ef812e28d;1299.0
a9106fc7df262c3160771956513bf7fa;34aab53b733ebe9bf2c084c142a52029;13990.0
a935fa4a6fed018d85dd9b7961a24504;21b24411293e972ae1081e0a48def376;1249.0
a935fa4a6fed018d85dd9b7961a24504;21b24411293e972ae1081e0a48def376;159.0
a935fa4a6fed018d85dd9b7961a24504;360b3d2b06cb229acf79521a8add8180;59.9
a935fa4a6fed018d85dd9b7961a24504;38a617871fd4be9263c0548b2e721e59;1259.0
a977fca0046381ceb1222581c07ac436;431b7c0cd2086301ab05251d090632b8;1990.0
a9982cca707e39f5b93ea221ebc27fcc;45d638f0626fbe1b1e629f0ef75a0307;1886.0
a9abf34757fc0ad3003b9838afa91806;088725e4245fd5d9cc8b1af028a681d0;69.9
a9abf34757fc0ad3003b9838afa91806;3eed9e55de7ca96117d727b900dc9f21;37.9
aa8e55ed96cb7722687011d7619db571;49623805d87de0230379bdaba12b7c35;105.0
aa8e55ed96cb7722687011d7619db571;49623805d87de0230379bdaba12b7c35;1859.0
aa8e55ed96cb7722687011d7619db571;49623805d87de0230379bdaba12b7c35;567.0
aa99fb09cec1bfb959a7a2c9c7f9a3a4;257213474a5f28bb0f30a75ed83e53a3;999.0
ab0d2b6391c8946e71bfdf1857b0cd71;02e441e3ac93c1ba87bd363745006df2;1221.98
ab4c2713e0991bbd6f9f926aa0095048;14f8300ec0380c50891396f2918d202b;179.0
ab4cc08ee5c1c3c0a58d980e6875d3a3;4dbdb826b4a659a52d01ffd43733b1fb;39.9
ab7300e2a023f89bd745a2110998d519;38480fdd1eebd71a6b718735bc4fcb64;2680.0
ab7300e2a023f89bd745a2110998d519;38480fdd1eebd71a6b718735bc4fcb64;1671.0
ab7a4619c3ddcc8231542c5c252a75ea;0665f97b66bae87724a3ac821e4a5ab8;59.9
abcf670ae70ff89a6104caae362ebefd;3dea7a5c89d9b4d17f6d61aa7cc432bb;1506.0
ac37db271e2dc20037c89fa942046771;33bf277feee6386dcdebf941f51f785d;1699.0
ac676cbfe01885f4c4e4fdee1755cadf;1c720a4a0c4a82c381ef6955abf05ec5;530.0
ac676cbfe01885f4c4e4fdee1755cadf;1c720a4a0c4a82c381ef6955abf05ec5;527.0
ac676cbfe01885f4c4e4fdee1755cadf;1c720a4a0c4a82c381ef6955abf05ec5;426.0
ac676cbfe01885f4c4e4fdee1755cadf;2da478bcc95b42e3c6131b287216481d;701.0
ad1f80267296e92a6170f6cb4d9eb5d8;36654abfc95ae5a34901ed9cb4772d7c;99.9
adb4bd3e91e9f82198752673dc5b42bf;175fd59bf0dcb424af8e3b24ea61ac68;1090.0
addb0941a1151eee6e30a4974e60e182;499d62d9c48a740ab80e0cc024fd62f1;89.0
ade7f44283cb821b707db1d52cb08ddb;1f22a49a611100d697fb142b2080c22f;1370.0
ade7f44283cb821b707db1d52cb08ddb;1f22a49a611100d697fb142b2080c22f;1450.0
adfe188d2735c2341df6d222e7878f7f;26cb6c1d4c3bc6b44402e09a269c64b3;65.0
ae1d8e60964658f97c8d3323efb7a3fc;091f01acfbb5751d4d5f03a03af46803;13490.0
ae2a654ab02a8b765269346f22cac84f;169e8d1994979fa76e318f6702e12c79;13490.0
aeb29f6527a21fc62b969c57edf18ec5;30ec7fbc4e6fe7b5cfdc82beb634a8da;506.0
af006b532e6b789d7507d42757ce7b2b;389a6ba198b3c946c52129c24f30f0bd;48.0
af3193b311c135ba8120d30284f465d2;4f907dcab22383ac43a566bbafcff181;43.0
afd87bde74f2170313cbcd33fc88b763;17bb182e4ba491257abe48e837e9b40f;681.0
afd87bde74f2170313cbcd33fc88b763;2af8dca5d8a5b6f4f7bfa9120a46ce52;1592.0
afd87bde74f2170313cbcd33fc88b763;47254b9c10fb1d6fc3dafd78b89c75bc;1414.0
afe07d4939f7ef1c2363333a11b37f72;3c760d601b7de7888028d55516f039cf;149.0
afe07d4939f7ef1c2363333a11b37f72;3c760d601b7de7888028d55516f039cf;249.0
afe07d4939f7ef1c2363333a11b37f72;3c760d601b7de7888028d55516f039cf;149.0
b021607918198f47646ef5b4557e43ed;222b05fbf2b1e02a988134c03ca87789;39.0
b07eb3154a52703f857e1434bd54d274;4715375501789c386acb4591277923e0;2190.0
b0faf35dc56304027a45f3f8583ecef1;4d2d41ee16c571e5c1b98327852ef166;40.0
b15a38b1a129cfbf47636079a7eeffa1;13279e5aaba1883974dd8b2be3300f17;65.0
b17fd79de5b38c6dd0436ff7641c9e03;04dd5d23e38c346b16599d6c1ff1ba3e;124.59
b1f2040c73e07fbe03a2efb0902398e9;001b959a672e884d12cacbfa7abd4a71;1221.85
b20a08631be07b815b07f45c99690db7;2789bb13d4c34188364b0a735d2ce235;43.0
b27cc1555e499305975ec3d5a6ff62bb;12da168cc3959789729809d2d87271d7;9990.0
b27cc1555e499305975ec3d5a6ff62bb;12da168cc3959789729809d2d87271d7;9990.0
b29093d1a3ec60f195aa4389f86e2d23;02143c04a77780b0b1804a1ce0f2ea83;152.1
b2d38a1665f785c60b04308244afa3d2;0de42a04843a92356a3ee3ba596bcd32;1322.0
b33863db46378ba171ed45faed662cf0;2c066a11aec7856162cc673e71c03891;562.25
b36d1907186b081fcb3ebbb16dc1f94b;0095399c9d974113f9dd69b6ab31f441;167.99
b36fec124fbf592482afb43f83d0ca13;2a1befef872a3ae5e9d7976635c35714;1199.0
b372880385c2357efdd3be1349edb7e2;3cd063c831ed8844f1caca1d375405df;43.9
b439cd2db732fa93679e533ccc5c5d70;4d442afebc47c219a2ff8b3c58734746;0.07
b4645990a677d49df1c64db8ad276bfe;35fb5f810d54a16d8d22f1bf6a6822e1;679.2
b4c834fbd1437ef9ef621a2d7717fb32;4ca65c1cbd59a44602e269909ad10ecf;35.99
b4f950c4253b0186a08a2b9f48f394d6;445b86e4df4c82d73311c3cfeb649d1c;43.0
b55f5fcadf24bc171b16e822f1a41654;2631f0aacd2390d38ac68ad81bf44a20;38.85
b5cb4848239387d90ef4f36d7e5ccdcc;095ecef64fdba7c2074f441df122fe87;37.9
b600ac855536ecc6d8dc9315fc1fe348;0a4059cc005fdab04d4cd23c84d6a5a5;445.0
b639d8773c0e9eb320fd772a5801476c;20e7a3746160b2c4fb2411ce75e7540c;95.0
b65ce96b88a26286a36ca61c297f5f7a;39ca429bb91e56151e18c8aa34f14e8a;999.0
b6e0d1b1274ee2f9ca7ffde63f2f7ad9;35bc255f9fb3c1b4bdbc021d19dc4d33;13490.0
b6f14588bd33cb0fc1ee43a8bd9f54a7;436ee271a6f7ca512e73bb34539b2af1;767.8
b6ff6c0e0bd229d09b51b6e60f124bf3;48c43345c45ff6341b3d4479084f4bc1;65.0
b721841e0aae2e0edf26524167004eb2;2deee9cde1175a14a15196318943ab4d;35.99
b721841e0aae2e0edf26524167004eb2;430aa5fc52088258f5b2ef245c46acd4;145.99
b768a9bbc6320d19fec79487b195bc0f;46b8fa8174d80bc4361cfc288329dc54;157.7
b7d289db3a6cdf7e5390f2da41f20a5f;4a635a82ace44a006ee07a4aadfedb4b;37.9
b81c3ba59a81e1eebfe461b04f03de8f;2a2fa0fd5e1639f9e5c19431b5a04423;0.01
b81c3ba59a81e1eebfe461b04f03de8f;2a2fa0fd5e1639f9e5c19431b5a04423;37.9
b85a1999a125d26e2fa1486bbd9a350e;2bcfaac4b72187f63926c924593433b4;129.0
b8bb3a11a3e079aec2413e703529a764;188d93b27613f3687d50b502400aaea8;9990.0
b8bb3a11a3e079aec2413e703529a764;188d93b27613f3687d50b502400aaea8;9990.0
b8cba13b0885d0fcc04c5e2c4e7d52bc;4db93e9f7afdef09f2a4936af3137771;28.27
b8e67f2ca2bddcf9549b66c58f1a82c5;41edea4d3ec9230821e1003083b0db6a;39.9
b9054a8aae3a43c599fe12904f65846c;3c9deb7e7bae0fc6718a5fc0dd7e80fe;33.0
b90b3c7e68821962f56540e8f87f3539;05e98172a6cd8306e1fef0857ecd1f98;249.0
b919ecb85da245a3c72aef5f2cbbf175;2ea7e6b822e71a046a20a694407994d1;154.0
ba1affb667f9231c0b7426b2efd6d8ce;16dc693bfbac2c01b6964b41a0ea177a;136.9
ba887140e443410543a7e7b8616a95f2;1a8a83bbc4dcd12232c53aadb4faee88;39.9
bac9a6c2884560b5bcbecf880353bb48;1521624ec640ef079d5b3df687e4be48;132.99
bafb2c4b15b6720db6e1fff1bcabdfe5;1b62a7f3bbd32cc90cb702d3a35d647e;149.0
bb412412fa370d5b620dc1a4a8d971b7;48c63a86a1fe71e2a9c2546471b135fb;175.0
bb58a75cced9807b68560486bb2bbe3d;1d7623f6c017c7e5e37454d1616e9fa0;832.1
bb6fac513eaef0dff098028402a82203;40f3294026b7bd20e7a8947d808d6e5d;84.0
bba6ab87047d673f275b6f71ec552d57;02c990e744083f20c9acf5df6be19ac3;2990.0
bbe1c3c4f792ecb31c3fb1935bb8dea9;1c955576f919544c42b9e63ffd696333;1099.0
bc9680c05de04eca7dec447dc46463be;1ea66219dc9725a6013420b1f210a4c2;999.0
bcd0f6ff29908043ee5ee2254abf6e51;1a7deab0037f2a699d49c25adc7c7a7a;1299.0
bd1b4e165dbc9c4a2f5d02576eee28f1;209be1483aa9f83ecaf0e3efd13dba8b;59.0
bd1b4e165dbc9c4a2f5d02576eee28f1;376b684682d7643c7f5d9250d6dfd583;127.2
bd6a8c9188734f43fd4a7e1cdb73cf82;1f9ed91573d9e9603fd0f9834eabb63b;139.99
bdc2d2ef5a0aae874c77cd79eaf0f20c;51205723db62bb76ec23dada42bb8735;106.9
be6ee6b935f78e24605331bdb5026104;2e0d7d2e4a9303c0ced0e52126e3d8a3;149.9
be802c40c87f42f742327adbebd03e5c;1b66a332440462b2866c184c713f07b6;149.0
be829aea8acaecd24d905963d33d68b1;4ee5e25958d9b6144dbfe60dfe533766;849.0
bf97263784762c88bbb5d16842f5346d;2849e26220ec9772dfe0c8a4b5d8ee0b;149.9
c05b36cc4e310b72f3191d8f0f5a4920;3b8f4c7721108c0e8cd7b94bd196dd68;149.0
c0cc94106986d42bd9e35a34b4009007;4cb1df5a1087656e20aa8cb379f8652e;99.9
c12c729c3218e52bcf040c6498878f81;03b50fe11fdc7e68637f9c52fce17570;129.0
c13d790059b9abaf10f5100eae90a5da;4df239b1eecd730a7f9e6c0720607779;119.0
c143e9048ad586b0471182cbe17a7ca8;00475458021ba3a8394b49a18fedca45;79.0
c1dc7954ca2529bc02c1141193e40973;4b5845ae078bf1bfcde7cf3fe298131e;35.99
c2145e32bcb8c50b54d76ccae1a0e16d;2e8746857a894b33d670b26e29c3623e;999.0
c22725ed43df9ad5e0acb0a91397338a;3aff9b21c0da9a4aa9fcb6da55395a8e;55.0
c24697d7374b703bd2182b5bde4b0245;33ee554cc75508804e9dbee366ae9bde;303.0
c2b96adb2380a6d05cc15cbded35f5c5;290e36fc3c1ed300b21ccdae67bd85b8;229.9
c2d61f44217c7b2054e8c8c6aa6eb39a;27defec1420cb96653b828c5df6d9a9c;67.4
c2f3b8894e8b4dd33f3c83f6e9675b70;502186159f2e5ba63a14f89905841cc4;999.0
c3adcd026c1ea934e92c2a0e7f3f8ed7;3527986eb19d503dc4e825a3068a50b1;46.6
c41cafcf5ff41e9017714c95d7a20bd3;0937df05615a62dab72c23250e95c14a;566.3
c45cf5c4f1211de7dbf151236a66a80e;115000b9e9e865343dc03f5751054c67;1393.0
c4824998b9284c49bd725daf07c29cca;159adaf2337f543f8b5786aaa3d0900d;49.0
c513c4938f26daebc5b8765f0862d09c;38b27298ac85ddcb506c0ce74f0bc66d;65.0
c648d8297bfc9a3d2e2e6ab5c1b45239;076e68be8c73f7b74106e7818e183a71;5990.0
c684e76992398645bba403337aaaf072;22c5cb40a74570774326a57185a77154;2190.0
c6ba055d6d8778c05e95f1ec0ad7070c;11116e4be8c1ffa85c0bb04662a3b334;219.9
c6decfe89d90b93278eb7079d96b7083;02ed09920432cd7e5be0fadd8379795d;149.9
c6f7092351475ee52a7802bd64dd1f0e;21966878b9bab995ca816282a9d8cc61;149.0
c75019033b0b657619704ec382a5bc81;39e14e8ccffa59dcdf41619e9cbd5efe;149.9
c8050339ba9bf2fadef70f0f365b0af8;376d42bc394705aaf8f00263b6570d58;1490.0
c81953fa494296db1a5ea9e72050c2ea;1a66aa990c00f000be33ffce41ff54dd;149.9
c88e64400c12ffc56e9f0ffb0a82df33;4c51242f21e95477be1e32516b869283;46.6
c8ad5a42136a0943a7e355119fceb5ef;41be5ef274a43bb6323405acfb96bb2a;999.0
c8ad5a42136a0943a7e355119fceb5ef;41be5ef274a43bb6323405acfb96bb2a;43.0
c8ad6aeee0ea3a6fe8834112c4b94478;47b97d4fd0786fbd22fdf89baa07c564;135.2
c8afce92d347423aa109ff073ae7d538;4eee6ad825082e804cb7d3696d980003;567.0
c99a5734cf57e7828b8cec61bfe3ccf1;41ee44a4f7274f8a29b90e0163de8eda;65.9
c9b4c916d32781fbe6893f6d1a3d3369;29f1bcde6d12e205202e994da35e2e7d;590.0
c9f43dac762454dcdbc78dd5490f8c9e;12db5925cb264a8466c34a79cd86cfe6;58.9
ca3aad675a42acceef54692ecdc67a6c;33c0dcfc65c26ec5f5d45db9a2a048e0;89.1
ca6c60b134b49a1cc82bec35601f7187;2cbc0b9edfd5851dcedffc532e711704;32.0
ca7eba1fd81b69e0b542fc200f4cb6c9;3d2ea4b65097b3885005fb22f027e8bd;475.0
ca7eba1fd81b69e0b542fc200f4cb6c9;3d2ea4b65097b3885005fb22f027e8bd;390.0
cb08b995457daa87ea809fea760897a5;284d1ce9e70b728a7cfb3674249e4340;74.61
cbbfac194beabd092c2f9ab42d052703;06d44df048a9482f3975542f70e00d42;33.69
cc23c5363849084d6f5dd43486711d5f;144af14b5bce46f5e7937f294e5a8b06;139.0
cc23c5363849084d6f5dd43486711d5f;144af14b5bce46f5e7937f294e5a8b06;149.0
cca095f5211680332938a87bb2db5e8a;0b21c2aa0399c3cb6ec1efaf695fce49;990.0
ccf5ce23cdac8adbcae50c1140853253;4e5b01c6dc29fdd85900e2ede9102a45;31.02
cd20cea7fb2382d4f5ec4b95bacb5bb5;3eeff351076f922176ff3aac90b30cac;899.0
cd36b0c039c8cbf745986ba751644179;041db83423db220b298bb44de838a811;44.0
cd7c6790df0be1092de5dd20e9848b08;0913267df64b6281e2a8841fe981206f;841.0
cd7c6790df0be1092de5dd20e9848b08;0913267df64b6281e2a8841fe981206f;1251.0
cdccdf87ac55486912d5655ede228b46;1004e849daf7acbefead5b016a11121c;1393.0
ce1b94094c1fcde3c433e324c4cbe6ab;1b7e73a3c769efc859f65355f74949d8;160.09
cf5f032e77b828ef38df63ba7f22cef8;34319c4b5514c87f67a58a8dd274ae74;132.99
cf6b557aad4f1d3db8c25f18c3f7e511;2fb12f7043a864511448d279f54e74ce;33.69
cfa712dbc7e15b5a2ebc313135bfa0fc;3037e0d6ba893e902d2fecd16d271f23;539.0
cfc82f06723a9afaeef7990c386ba80a;2c39d8f8d2635a6872c68348461b9096;1824.0
cff6a5b3aaac67e3827183fdce710171;0edcdc9257e097789e0c9e3e670d1620;1990.0
d00a706eb66f7d7b215df6448e59bc2d;34a4783bf3214279813fbab8ca52c902;395.0
d0cb8bf843632447b44fe4620a61a062;1e80512c7f3097e73327ab1556f55c10;679.2
d0cb8bf843632447b44fe4620a61a062;3727876ba5b3094b6e082687dd1176ca;129.9
d0e672496a463db8efcd079515185be2;3669cbb04be8cce2c4d9faa9a63cf6b8;35.9
d1687878e5d05acb4e8adaf836b233fa;22724a672608801ac21d0d8d861adea4;149.0
d1cf84e052cf6956d39ed3e89c1b9c0d;2c3c1edba47d19876386ccf7bf04b936;99.9
d1d00cd861d330ce7ca28090490efb1e;20d42b17711086340e072e6949937cfb;833.0
d2630537a365119b962e28a5484c5ae3;2c386ea870bfa4c34c48c9ecefe927cc;790.0
d283ad9f4af7b86dfea49f89115b80eb;007ceed87bc7ca74eb509e3e4207f94f;44.9
d2ad54da7c454c68371747939f7cfc45;286f5b6ac89fd3bd55f9670bde0c8107;999.0
d2f8d0e6f5dfa2dc813f05df4f306679;1a7735e23bcf7b4c00fd715b45e55843;14700.0
d388effa9236394f0a7d55d8ab8cd803;343492f96e211ce8f1f1c5ae587e40c0;39.9
d3b70928f3fcb995cb3052f1741f57f0;4d65a0c6c67bd178a938ef4bd00b4e46;65.0
d3cc85fc93cd976b1276cb8200c10906;4e0b84d381ae37d9b0bf4408d10355a9;168.0
d3d354256e869afe0f65ab1769b31478;1c737abfa52a9993173933fa4af98efb;109.0
d3d354256e869afe0f65ab1769b31478;2990fd8d6b5113af53b6f1fa6b6230ea;65.0
d4323b79566d4898d22d8e09d1de202e;272e2b9b4292a3fb31ce8171eef39094;7990.0
d4af8503b680287ab46fc9f9c5598254;2672a9d4c102af689ebf2f3d2aed8c66;6336.0
d4c9855a1b8d7e6efddc9ed1a6aed9c6;42b54ce16351700b7571ec7caa2ba8b7;39.9
d58bd3d3128b1c7af9a8784cdfad92e5;37aa6004db3de0fbeb4b5360c63e9b41;149.0
d58bd3d3128b1c7af9a8784cdfad92e5;4bc594372c97b5e4096bc42f788de8ba;999.0
d603b704aafcb5260c64e2bf0b1c1707;087660ce1729d25468efbff96829ea22;44.9
d6242e94b66e5b171b013ab80e9fbd71;44b3858ee28b1b45a99a89f9e2e0f11d;1490.0
d625507b9b63aae4147abd3970ab99ed;158f67f6db772de585a9c8b0e1e58cc6;37.19
d63af25700d8640c4b85e8de60318346;07229051675a9321e574a4c423431b2c;99.0
d66035266398494839f7109984d4c174;07d08f2c19366a840fd45c501adc9064;165.66
d692426bd96c71a146d87663c53a8c26;300ba7bfda5163d81663b2d072917272;2217.0
d74faf82317063a32b624e9e5c756691;3a484d906d20045216260ff85a8fede8;817.5
d766c637b3f063e1f439c32224bce449;4ea8fae4fb0240d31f863f98bfa926ab;1299.0
d77fd7506622b0731fa7079d9ad5956e;1b61bb05f1d35aac45c584ac028b1e5a;1299.0
d7e815c49bf0ba07a587d1c66866a08f;28429ac67bf9a349cc3a9653fa92984d;55.0
d807c344b9b3cda0ae4a17f6aa5c7b71;069a3e92bcd8d26cdb82abbcdca386e9;99.0
d849a5b9f3fae3f128f356b991e359e9;121536b7b617a2e7f572e408f526d50d;55.0
d84dc6045865a692656c0aecbd736934;412340db600f2fe791635b5a23cd5678;199.0
d8b00d7a27f2f4481cc117bcf3d0fd70;0abac26867e2de67d6824926c6dfd838;30.37
d8b00d7a27f2f4481cc117bcf3d0fd70;0abac26867e2de67d6824926c6dfd838;109.49
d8c4d0084bba1bb59c41e1d804a9906d;48acc2ffa40ff9e73c11b0baa7d84550;149.0
d90e3b2a00a27d0f9d9ed33c60a7b4cf;272feec824ffc022bf48ae539bba0a08;43.9
d98fbedcb587b805446130f6f997d11b;2e5a51e92d4478db86f001f432f41960;160.99
d9bea293eaca94d748d0f5aa8b8523d2;508141278f0daf81c83a1433d4243873;38.9
d9f0ccfc3dff6b4c40348eb9338a8e72;0dc8d9da6ae918ed21cdcf755dddc570;1690.0
d9f214600f85733a6e187471195c80e0;013b81ad418057a427839d5ad3fbc003;892.5
daac4a30cb325358f484381e717c0db4;4707dc95d581f884351caddae13810d4;118.09
daede5fbfe9748334016e1e34037cd4c;50ccce1c7b8bcade23d7582d6e26463f;159.99
db2a6f4d5ed8ccf8ecd0757d8a48854f;40cdd9a54de87a773073ff211d1b7a5d;28.44
db3cd9f097e692fbce362d7353400267;117b36d26de8fb624305bbb278867e65;1650.0
db3cd9f097e692fbce362d7353400267;2536fee7aeab44af2656ad46b63b6658;5240.0
db799c66f2738f0f5c7469c76191f21b;0a5467108ac37f167e0687a9819f71ec;48.0
db90261413d239602235b71305516631;1b212355b16a5dcac2a5789d787371e9;38.89
dc054a9f17e022ef18b43a0ea916eb04;0df83de03f3655ff6e0d76a569b066a9;1076.53
dd05c826289adbc0fe01fd172779f175;4c059717cd08b02c1777c74b12c74f92;1270.0
dd4ad36a56194d2dc3119a0b0789b68e;06f8f80cba68011c9800df8cd570e6ef;1299.0
dd9f3aadbc7d832f641aab117a19aeec;3edbe0d3fa60b274c7bd923d1b6f6585;851.0
de733c66ed96e2787da241cae28a788a;33ff9feae0161407a831f8d361d6bfdf;134.9
dedc440a5f91a6b8ec62007497ec5303;122387a9c1f93f3704668503bd0b0b0b;999.0
deffed24c10e039550ad8956b761e083;2c57811b5633a41b1d0f02b417b127ce;89.0
dfb8e253cd53edd43d3b570a1089a485;2dc4ecea5decc4c2a72156488eeac2aa;855.0
e04dca690b0648148746dc2a20e2a56b;3b176014a3bc61ef85fb54bf135ab4f7;98.91
e0633c01b7f010a3618cf7f4a3f72539;2fb04256f2f8f178c7f7979a24dcf93d;588.0
e0796b3ef47a7f49e94ebd69d29c0348;400d83fe6bbf088bed7b22f3c8d243fa;55.0
e08e70e963578bda2ea68dfa96b65c24;4773262aa4c8e5b5d57843b10da5ddd3;566.0
e08e70e963578bda2ea68dfa96b65c24;4773262aa4c8e5b5d57843b10da5ddd3;566.0
e09406d2a6d66b9b0b30c6cb8a768a72;4db9fa406f7813fa74ba068502a6185d;1199.0
e09df0d83998b98b9bdfa6cd32944be6;46946fba5964b9dca58954c125d4cca9;149.0
e0d016876aefbe5e671fe2e40619d27b;12678b232bf1544def63ff72e921c34b;679.2
e1240cae85052a2fa1c3623574910932;50e7576d84b8019abb85c34c5793a5d6;64.99
e1a55b9014f7c6e4b794e1ea583a3142;0c62f373b4efe1a49c64c96b2a1f1f61;149.0
e1a55b9014f7c6e4b794e1ea583a3142;33cee30f0b63bdae71fe045edfe92a2a;999.0
e1a55b9014f7c6e4b794e1ea583a3142;39c90fc29405a617224652f0f401ca3d;1299.0
e22120dd56746654b6b4cb9ec16acf8f;3e7dfe8764602f010773b336e350af44;1389.0
e22d2f2cb1afc4e285391f6a29a82f5b;4474295e597ad2cff7e246431ddd3f13;729.75
e23cb650514454e183b9a55b1d151918;1b8efe9f1cb3c28355035c2cedea46c9;1390.0
e23cb650514454e183b9a55b1d151918;1b8efe9f1cb3c28355035c2cedea46c9;1390.0
e2470382b6a66de0a174a7601014c634;108f1dd3b069ef66824150d1e48925c4;1990.0
e3c755fd2d668663a895e13f9b1d4b0b;2b7e41f3987f179270c170d633a574cc;13490.0
e3c8c7047f05cf4adb9d03fdf2ec6449;03a2f5ad9ec02b2ca650d20ba9888bd4;129.0
e41964aeb25579e2dfa1d711b9721af3;4ed7e06c89f7f0a47da8f9092e801371;31.99
e437d7c80780c9d0d0b64ee5b0c422ad;2f5f076cec5aaf4ee0d80e210ebdb1ee;1990.0
e44e71a6dcd4ab80bf65030d74687c01;3392458a6d2d2bb083384f3297e5b2de;999.0
e46fbe2a960f50ae4885fd68e464244f;31b596bf755089de21abd2de43352724;55.0
e474474d08a8c3f645aab823d7548cab;354eaa304f79a9781124d26da8895241;13490.0
e48a6aff1ab65b575d325c0e62c7fbfa;4528259a9972aaf2bcc28cb3ab8ddbc6;1499.0
e48d945bdf1f388cfd7f348cd894d96d;005f503b333e3c664e4f5efab405b2c4;999.0
e48d945bdf1f388cfd7f348cd894d96d;3042010f987528c0e531f1ced11e2c00;679.2
e5a3eed8e7f23fcc4c6f415e9caf881c;4eb6a8954b8bb1af8b1cc8a928937c32;1190.0
e5a3eed8e7f23fcc4c6f415e9caf881c;4eb6a8954b8bb1af8b1cc8a928937c32;1590.0
e5a3eed8e7f23fcc4c6f415e9caf881c;4eb6a8954b8bb1af8b1cc8a928937c32;3990.0
e6272088926d1bea81b559478a7b53b3;043a6d753ad6243be934adfa727c4224;1199.0
e6569af8eb11d8cf4efff80d6c1afffd;42a7ece9ac47f0a7b1997b7d11eccdfd;129.0
e6928070f38c76d9e8e1e5e57589bc67;1d4ce162534d90aa477942af71de332a;44.9
e6928070f38c76d9e8e1e5e57589bc67;1d4ce162534d90aa477942af71de332a;157.7
e6abd2210544ddb2bfbea535fc97630c;40ed364c553be3cec5132b4cbaaf5439;33.69
e6c32dbafe80d2617a12a130162c7f28;36dee6ddb5ae4476063c41a3fe7eed6d;823.66
e6ca9bc045e45f73f0c9b1f43eca3ab9;2f23649d57fc3117a1cb55f0f68a1fb2;999.0
e6f9f82814a76b4da977e0aeb957e6d9;4aa3770dc51b876c624cfd240714534b;606.0
e7327041ca52d10a1c5295dfbf0d0b5f;0bd79e6fe2378f2316f07f376373029b;1790.0
e7327041ca52d10a1c5295dfbf0d0b5f;0bd79e6fe2378f2316f07f376373029b;2990.0
e8704d38f91d25edeb37b160ad586755;2d6dc4424caa4873da91c5fec72c6f44;1990.0
e899e35a91808716d5f5b1a7770d5595;448a58981afd114cf5617a16fad31643;43.9
e8e87758535fee773b3c5fba8e1f09d8;5055b6a7f7f561ba5bb74c12f23b4b41;1090.0
e913853a408760e6bad6431ff1074cec;32159a7021ec44b687c82a377a06c97b;164.92
e955c2939e70f8ae39ac8bb01a2accbb;1a1140b0bcc55be2cdd119a63c5338a6;229.0
e969402a29619ac976570e85a37dbda3;233ee783be37a93c5f2ecd0f037945d7;179.0
e969402a29619ac976570e85a37dbda3;25d38379a7201957e9eb55d1073813b6;149.0
e97cdb868871f211badc634a11d4fe5f;1384b639c9bd081c85f4ed78654ca895;999.0
e97cdb868871f211badc634a11d4fe5f;1384b639c9bd081c85f4ed78654ca895;849.0
e9a905d800563484e663de200955c6f1;3d9b0ab9b4d85b4f378e53b66cb0d24d;7990.0
e9baf3f9791e0dffce211592932c326b;2d13ed22b1cc938a8b6a06d6122233e3;1790.0
ea5d12d64488b0d93b3e3a584adec258;1c4b59928b3d90794c41b674a6c64ab1;1990.0
ea74b406568569dd27405d70a34e263a;2f412a9a0af73ad7f2ee67273853b6d8;746.0
ea9a4c6ba4667d833cbd750ab60ba719;3b97590e69d3bd89ef00ba7549e3e96c;117.74
eafe07d6f79035271cba901ac0e7d569;24bc00323a8de8b073c3b7dd761c02df;155.79
eb9fdba13a4c9183e4057456b0fb98ac;36e728280ede9143378fec5a1fd38af0;55.0
eba08f37218f6ead366fd82a5bfdf4e1;47d9872db8fb787c0d599f8e40282426;1390.0
ebdb96524e29da207f2cf65f7f12f7bc;16e919ac2a80fc152570be0cb899b8f7;149.0
ebf940edcdce1bb1fc6e5a79db06721f;16c218b1a34fbae937112a8560b8560a;879.74
ec085037ff433e402589cb200dd0899b;38a251dd650fe132f6be907ae0894a63;37.99
ec0d6902c798124ff4461e442139b740;4c5b013586efe1c5ee7c55fbfced6a2d;160.22
ec3f955840abfa965f2a7f3930b141ce;14faaf2fdc3d4e9d44b29bd9c054ceb7;175.0
ec3f955840abfa965f2a7f3930b141ce;37f678d75c39d863e37e17f0fc31d6c3;55.0
ec592093dad798856b2c4ddcba36828a;3f53c727a648f62eebf93634938c949b;892.5
ece2e48e7e0ca9896dfaf0c31af01b3b;05b179bbd803e81f456e2d3855b6a955;1199.0
ece2e48e7e0ca9896dfaf0c31af01b3b;05b179bbd803e81f456e2d3855b6a955;999.0
ece2e48e7e0ca9896dfaf0c31af01b3b;05b179bbd803e81f456e2d3855b6a955;1499.0
ece2e48e7e0ca9896dfaf0c31af01b3b;05b179bbd803e81f456e2d3855b6a955;1499.0
ed9922173c985deeae227367c4d6af09;31d361376ea4e03612d432fea0360cdc;149.0
ed9aa2b954bbed847f47c7b0109c4031;2776d9135456b3bc07a0f69745167269;145.0
eddb4f9872d29cec0d9251ce11e6747e;37faf87e4ec84a7c229336bfd6c35823;134.9
edf3e008e842af7e72e95e6c28a47db9;4fe4a3380c66bb3864e04a41bb37ea4a;1349.0
edffaf544b6817b2020048e604c02d51;4d0e26a7f35e133d140a9ba1b3510e89;199.2
ee0e9ab47f0e6d298a919bde823aefdc;0acfbfcaacde02264a34e562ac6bfb06;595.0
ee0e9ab47f0e6d298a919bde823aefdc;23a5dec8f579942269dd5038fb35c78c;756.0
ee81bfdac87f28905b9d8ddfa3db1c56;02d8e02e9fa7d3aaf81a11529a4e7d60;11990.0
eeb6e1dae3e6e3dec1489d1489f436e9;173d2f3f1b22d6bcf2e11ca5331e45b9;9990.0
ef1141faaa3b01e7909a3cfa4425ac51;16b79d630d7883fb2f27b9617def164a;999.0
ef4531282d13b245f744555afd101672;2ee8833b601f7d5d21397abd5819ee8d;3962.0
ef4531282d13b245f744555afd101672;51040b4dd947df8b9e7e9a2bdd6feef3;4990.0
ef45f54cb1ddf758ce323379af95b381;462a94104b8e152de9b4b211d2d90bc4;52.9
ef6c137170d94458b4d0a82ef7fb89ff;19ab17d8835030aec897e97a8d6506e8;999.0
ef9267a3058b82937a869c25571e18b0;20cc9ebfa33f16ac59e40b6728230787;1746.73
efd2643d86868dd858cb6255234db72c;3cb3a426e46f88e3d4ded9f0eb464425;1299.0
efd2643d86868dd858cb6255234db72c;491a037be279a21a6ed603bf3b7c96af;999.0
efda8da9a90db7517e80d8bdb7882a3f;088e8b502babba2d0b15c3b862a6e6a5;7990.0
eff1c3cbd25d2df011ac6810b5812390;0a922a23c5df619b52a3177afb359e81;149.0
eff1c3cbd25d2df011ac6810b5812390;0a922a23c5df619b52a3177afb359e81;55.0
f0400a037e0df3fe5cc0f1bedd4c0cdd;0502ba3d5b7daa27326ab6915b1c7ffb;41.99
f041660fbce8fd92f6967edc6e691531;14692c50f225dcae26799fbea3c0c1fe;1077.48
f04b235652cff85f78f13ccfb279691b;10960c768b50bebc1bd86fc34866ad27;38.99
f08f3b904adf68cc6f05c53379c1ac30;181a9bbff98c696fb051d91881ae935f;1233.0
f0a91c00a03a035695d468a11206d706;2ad0faacbeb654a757efdd14e701f08a;14990.0
f0b8e5c3acd22bfd63101346079c5d4f;0869802041155ceded880444ece79e1a;999.0
f1331f1b5d19f980906860783a53a4bf;4c7074fabcda09df096deb87e02c89f9;4990.0
f15bacff47e6f3a834a236b0aadc7a66;03d26f679da8c6667098d4233ba0d6c7;1391.0
f19c0cb17f8cf8384110437d0ed2a8a3;50b384d65b1fbc48ecfe460ffa955223;1299.0
f1e822b294472bb009c0139c304c6d17;24a29071f9bbbb9576464a73db9c28e0;175.0
f1ed7b2a7899db08620a3388b44c9958;3f2809cb005a1d75323db5c9f3489c52;81.6
f2191935f3ec972d0667e0aa78e02fd7;1911a473a965c3c4c2a5db84ac071096;89.0
f264dc259f29033c0acb83940c6530bd;35f510544c924be547858f149214a61d;13490.0
f2e01dc7b164e9b3df4e1fb054df7078;43ac6bc2136559f923ed49386eecf1e1;849.0
f2e19f1fb3a4984d5d96633556215c4b;173a297c645bfbc7bea23e990af348e7;9733.0
f318abe7e452fc92dc5dc89d56e9562a;3624ec13b29fb78bf0d3f019d4b4aadd;36.9
f3dbd3ecf6697d46adc7ebaecb836c82;0c685016eae75e23f6b096a84c33acaf;200.0
f3dbd3ecf6697d46adc7ebaecb836c82;0c685016eae75e23f6b096a84c33acaf;838.0
f3dbd3ecf6697d46adc7ebaecb836c82;0c685016eae75e23f6b096a84c33acaf;1261.0
f45635dcf94076ca9f5113ecaf3eb458;0ab75b17f6b99462d2371e8f37a38b08;999.0
f45635dcf94076ca9f5113ecaf3eb458;0ab75b17f6b99462d2371e8f37a38b08;679.2
f4d88ec2faf3f84223a28c88477817dc;27e65fb2503f41e88c14010c6669425c;159.0
f4f35cb70f5a0edb2f1d44c76bcd45dc;356f7579d68c4b88845ac65f0d46b9ce;99.9
f4faeef697bb02d43627c1c2496611c2;305fc5f9ccde39b42cca4dc192cc4a0c;89.1
f584ea8bf293edb4adf399c071934e5e;28665de51411333b77ed64ea5999a856;249.0
f64311533d2ee002cd0716828149210d;23d113766909664a5b848b03d9c911e6;44.92
f7028fceacf2a46e708f48c0af6b9b25;3870559fcf74fe91cfb583232b3701db;35.99
f7184be4c6c0a22a2239af401128573e;44da61c6c0c2fba300be6c03c4048abb;995.0
f7d239a236f9f320701dce4cce69fdaf;1d6ea74aabac78620e854a7f3e3888e5;1190.0
f7d239a236f9f320701dce4cce69fdaf;1d6ea74aabac78620e854a7f3e3888e5;1190.0
f7eae7f4a2491bf918887918a476d7f3;3da23f3ebc00c4e94f6890c7975e3715;1800.0
f8133aa469c9cb4be5d4847f5d8060c7;49a2e6042dc84acae672a4bcfaf9f4dc;739.99
f85189e582503ebd27075c793e54b062;3ae47e0b9c89a1f987aae2bcf4002bf6;35.9
f8622236884a7cb8172fd0b3ae7cd879;016710c6eab05fea0590e7878b7806f2;142.0
f86ff0fba5847309e3311b4e32bdcf7d;5088581472adbff963a3a1f8f65fa703;59.9
f9f960bba638ad48b7e05e1344564e9f;386b6712db4c8483af457b1c8ce6776f;1592.0
fa1fdf7be8940bc61eb8528eb8f5b24d;168169f59b1424930d9e3603d32ca62f;1726.0
fa1fdf7be8940bc61eb8528eb8f5b24d;168169f59b1424930d9e3603d32ca62f;1554.0
faad07d5c35895c8f0c42717b3c87c4e;4a6b8b03cb09b931455827ecf9a9c2ec;590.0
facae99bedc66d7b3d339b8f5db5d5af;1635d2a240991f33c25fe6bd84391510;685.0
fb0748eec5d52b93bf8b560188560be2;096d990933c9bf9d515b5c9d5ba90d5a;849.0
fb13ff11d87cc20167e1896f1434af47;4a6060fe4956b7b7de1c106812636a79;169.0
fbc3b54235095059fa75acd4789120ee;1c1980b4ccc4c6b2aaa8a7cfdf579b6a;1990.0
fc206f98543a1c307478526bedcb9d9b;2f2e53dc0e9568a605c6d8b85f485073;582.99
fc8417e2a915ad18aa0c0c6d9bc8b44e;423580e6684bb64d145de604ba2f7f4e;16490.0
fc9433f280801071afa5bbffb9fa500c;425e55de0aee106ece9160c60a2112ae;999.0
fcb1ecc8f92434aae00624e480ac95b0;0cc9a30120d4ea75cce9c96cdfe559aa;849.0
fcf1224dcec9f2a29ca69caf5371f8ac;304c516d7b818907e860d8d7bdbe33bb;8620.0
fd0319a95fa7a71721770658d0139cda;36a0040cd2dadb68c49d9f0e02d23b9b;155.8
fd0319a95fa7a71721770658d0139cda;36a0040cd2dadb68c49d9f0e02d23b9b;155.8
fd30380ea1d6d6e436c5faf212506bde;23190a84b5eac9f3caedc7ef0b3bdd0d;3890.0
fd30f8b38c7b3ea61f049b40a8625ff9;0e7817bc445a0dc5ed969249a11ad1fd;59.9
fd482aea2150e7697193d8166284706b;3edab73019a4a07ccb8bb9f5b8e7a49c;61.89
fd67bc126bd6f3508e34aa6122116739;2eb96bc85a4089fc790ab4acb45b9f33;39.9
fd765320807f5882e0713c43b0eb23e1;41f25b4a027f86f633a79023ee3a0935;134.9
fdae7704e3090d8d58a4c32204e577ba;06f5f5b6e574f4b027418fe0304dd6c8;160.09
fdc92f7b9991d9a4327856e09461b398;0973b6c2fab20ed0bba569d25b63ad9b;114.0
fde8b228d2c1e9a44f324118d8feee27;50ed172668fb9ce0e8c1a4afeebc92e5;999.0
fdf60b93a51012f51a58abc1501757d2;32725bde56a19c80d5fe0ff69b133311;179.0
fdf8263a356020036647fb74415a6b32;50bd46b67cf2149a81db77c90c867608;57.5
fe88a834f2907ec59f3b512fd42871e7;2d5af73d0639f920610ff1c82bd3460e;999.0
fe8d5a1338bf78fe3c808afaf1610c69;4d70f66a3f12ca2869348a5228b9769e;129.9
ff18a92fcdc1aa065bc2544eacc45fe7;267ce8213299ea0bdd513aed5bdaec1c;2390.0
ff5fe2544ea575991cbb8ecd36e0470c;1cfed8d0d75f9f24abe7a4931d610bc4;9900.0
ff7aa5480ff0b6ebb735b3326fd9f1a0;3ccfe99e62e00819565a2cd9bf432d4e;737.0
ff7aa5480ff0b6ebb735b3326fd9f1a0;3ccfe99e62e00819565a2cd9bf432d4e;1346.0
ffac7a0cd02782fd783199cf997bd873;107071325689933576011317e05a0c61;7321.0
ffac7a0cd02782fd783199cf997bd873;107071325689933576011317e05a0c61;3894.0
ffe239c895c7110f457a315b471aaea1;4e29e8d0e39b164ca63701035617aec2;1026.0
ffe9933e336466a052377ea92fe6637a;2ab18f37b6fb17fd4a0386e2d8ad88fc;33.69
